row_id,order_id,item_id,item_quantity,total_price
1,1,5,1,5.0
2,1,5,2,10.0
3,1,5,1,5.0
4,2,2,1,15.0
5,2,5,2,10.0
6,2,5,1,5.0
7,3,1,1,12.0
8,4,1,1,12.0
9,4,1,1,12.0
10,4,5,1,5.0
11,5,2,2,30.0
12,6,2,1,15.0
13,6,4,1,16.0
14,7,4,2,32.0
15,7,2,1,15.0
16,7,3,1,14.0
17,8,4,2,32.0
18,9,1,1,12.0
19,9,4,1,16.0
20,10,5,1,5.0
21,10,4,1,16.0
22,10,2,1,15.0
23,11,4,2,32.0
24,11,3,2,28.0
25,11,3,1,14.0
26,12,4,1,16.0
27,12,1,2,24.0
28,13,2,2,30.0
29,13,4,2,32.0
30,14,5,1,5.0
31,14,2,1,15.0
32,15,3,2,28.0
33,15,1,1,12.0
34,16,2,1,15.0
35,16,2,2,30.0
36,16,4,2,32.0
37,17,3,2,28.0
38,18,2,1,15.0
39,18,1,2,24.0
40,19,5,1,5.0
41,20,5,2,10.0
42,20,1,1,12.0
43,21,2,2,30.0
44,21,2,2,30.0
45,22,3,1,14.0
46,23,5,2,10.0
47,23,1,1,12.0
48,24,3,1,14.0
49,25,5,1,5.0
50,25,5,1,5.0
51,26,4,2,32.0
52,27,4,1,16.0
53,27,1,1,12.0
54,28,3,2,28.0
55,28,2,1,15.0
56,29,4,2,32.0
57,29,1,2,24.0
58,29,1,2,24.0
59,30,5,2,10.0
60,31,4,2,32.0
61,31,4,1,16.0
62,32,4,2,32.0
63,32,5,2,10.0
64,32,5,1,5.0
65,33,4,1,16.0
66,33,4,2,32.0
67,33,4,2,32.0
68,34,3,1,14.0
69,34,3,1,14.0
70,34,1,1,12.0
71,35,4,1,16.0
72,35,3,1,14.0
73,35,2,2,30.0
74,36,2,1,15.0
75,36,2,2,30.0
76,37,4,2,32.0
77,37,5,2,10.0
78,37,5,2,10.0
79,38,1,1,12.0
80,38,5,1,5.0
81,39,2,2,30.0
82,39,1,2,24.0
83,39,4,1,16.0
84,40,3,1,14.0
85,40,1,2,24.0
86,40,1,1,12.0
87,41,1,2,24.0
88,41,5,2,10.0
89,42,2,2,30.0
90,42,1,1,12.0
91,43,2,1,15.0
92,43,4,2,32.0
93,44,5,2,10.0
94,44,5,1,5.0
95,45,5,1,5.0
96,45,2,1,15.0
97,46,4,1,16.0
98,46,1,2,24.0
99,46,5,2,10.0
100,47,3,2,28.0
101,47,5,1,5.0
102,48,1,1,12.0
103,48,1,1,12.0
104,49,2,2,30.0
105,50,1,2,24.0
106,50,3,2,28.0
107,51,5,1,5.0
108,52,4,2,32.0
109,53,5,2,10.0
110,53,3,1,14.0
111,53,1,1,12.0
112,54,1,2,24.0
113,54,5,1,5.0
114,54,3,2,28.0
115,55,5,2,10.0
116,56,3,1,14.0
117,56,5,2,10.0
118,56,2,1,15.0
119,57,4,1,16.0
120,58,4,1,16.0
121,58,1,1,12.0
122,58,4,2,32.0
123,59,1,2,24.0
124,59,2,2,30.0
125,59,1,1,12.0
126,60,2,2,30.0
127,60,4,2,32.0
128,60,1,2,24.0
129,61,1,2,24.0
130,61,4,1,16.0
131,62,4,1,16.0
132,63,3,1,14.0
133,64,4,1,16.0
134,65,3,2,28.0
135,66,4,2,32.0
136,67,3,1,14.0
137,68,5,1,5.0
138,68,4,2,32.0
139,68,1,2,24.0
140,69,2,1,15.0
141,69,4,1,16.0
142,70,1,1,12.0
143,70,2,2,30.0
144,70,5,2,10.0
145,71,4,1,16.0
146,72,3,2,28.0
147,72,2,1,15.0
148,72,2,1,15.0
149,73,1,2,24.0
150,73,4,1,16.0
151,74,1,2,24.0
152,75,2,2,30.0
153,75,1,2,24.0
154,76,1,2,24.0
155,76,1,2,24.0
156,77,3,1,14.0
157,78,3,2,28.0
158,78,4,2,32.0
159,78,2,2,30.0
160,79,5,2,10.0
161,79,4,1,16.0
162,79,5,1,5.0
163,80,4,2,32.0
164,81,3,1,14.0
165,82,4,2,32.0
166,82,3,1,14.0
167,82,1,2,24.0
168,83,5,2,10.0
169,83,1,2,24.0
170,83,3,1,14.0
171,84,2,1,15.0
172,84,5,1,5.0
173,85,1,2,24.0
174,86,4,1,16.0
175,86,2,2,30.0
176,86,5,1,5.0
177,87,4,1,16.0
178,88,2,2,30.0
179,88,2,2,30.0
180,89,2,1,15.0
181,89,4,2,32.0
182,89,5,1,5.0
183,90,4,2,32.0
184,90,2,1,15.0
185,91,5,2,10.0
186,91,1,2,24.0
187,92,5,1,5.0
188,92,1,2,24.0
189,92,1,1,12.0
190,93,2,1,15.0
191,93,3,1,14.0
192,94,4,2,32.0
193,94,1,2,24.0
194,95,2,2,30.0
195,95,2,1,15.0
196,96,3,2,28.0
197,96,3,1,14.0
198,96,5,1,5.0
199,97,4,2,32.0
200,97,1,2,24.0
201,97,4,2,32.0
202,98,5,1,5.0
203,98,1,1,12.0
204,99,1,1,12.0
205,100,5,1,5.0
206,100,3,1,14.0
207,101,2,1,15.0
208,101,2,1,15.0
209,101,2,1,15.0
210,102,1,2,24.0
211,102,4,2,32.0
212,102,4,1,16.0
213,103,2,1,15.0
214,103,1,1,12.0
215,104,5,2,10.0
216,104,1,1,12.0
217,105,1,1,12.0
218,105,4,2,32.0
219,105,2,2,30.0
220,106,5,1,5.0
221,106,1,2,24.0
222,107,3,2,28.0
223,107,1,2,24.0
224,108,5,2,10.0
225,108,5,1,5.0
226,108,1,2,24.0
227,109,2,1,15.0
228,109,2,1,15.0
229,109,4,2,32.0
230,110,1,1,12.0
231,110,5,2,10.0
232,111,2,1,15.0
233,111,2,2,30.0
234,112,2,1,15.0
235,112,1,1,12.0
236,112,3,1,14.0
237,113,3,2,28.0
238,114,1,2,24.0
239,114,5,2,10.0
240,115,5,1,5.0
241,116,2,1,15.0
242,116,3,2,28.0
243,116,3,1,14.0
244,117,1,1,12.0
245,117,1,1,12.0
246,118,5,1,5.0
247,118,5,2,10.0
248,119,2,2,30.0
249,120,3,1,14.0
250,120,1,2,24.0
251,121,4,2,32.0
252,121,5,1,5.0
253,121,3,1,14.0
254,122,2,2,30.0
255,123,3,2,28.0
256,123,5,2,10.0
257,124,5,2,10.0
258,124,2,1,15.0
259,124,2,2,30.0
260,125,1,2,24.0
261,126,3,2,28.0
262,126,2,2,30.0
263,127,3,2,28.0
264,127,3,1,14.0
265,127,2,1,15.0
266,128,2,2,30.0
267,129,4,2,32.0
268,130,2,2,30.0
269,131,3,1,14.0
270,132,1,2,24.0
271,132,2,1,15.0
272,133,4,1,16.0
273,133,5,2,10.0
274,133,4,2,32.0
275,134,4,2,32.0
276,134,2,2,30.0
277,134,4,1,16.0
278,135,4,2,32.0
279,136,1,2,24.0
280,136,2,2,30.0
281,137,1,1,12.0
282,137,5,1,5.0
283,138,1,2,24.0
284,138,1,2,24.0
285,139,4,1,16.0
286,139,1,1,12.0
287,139,3,1,14.0
288,140,1,2,24.0
289,140,1,1,12.0
290,140,5,1,5.0
291,141,5,2,10.0
292,142,5,2,10.0
293,143,2,2,30.0
294,144,4,2,32.0
295,145,4,1,16.0
296,145,4,2,32.0
297,145,4,1,16.0
298,146,5,2,10.0
299,147,2,1,15.0
300,147,4,2,32.0
301,148,1,1,12.0
302,148,4,1,16.0
303,149,5,2,10.0
304,149,5,1,5.0
305,149,4,2,32.0
306,150,3,2,28.0
307,150,3,2,28.0
308,150,2,2,30.0
309,151,3,1,14.0
310,152,4,1,16.0
311,152,5,1,5.0
312,153,5,2,10.0
313,153,1,1,12.0
314,154,1,1,12.0
315,154,5,2,10.0
316,154,3,1,14.0
317,155,1,1,12.0
318,155,5,1,5.0
319,155,4,2,32.0
320,156,2,1,15.0
321,157,4,1,16.0
322,158,3,1,14.0
323,158,4,1,16.0
324,159,1,1,12.0
325,159,1,1,12.0
326,159,5,1,5.0
327,160,1,2,24.0
328,160,1,2,24.0
329,160,3,1,14.0
330,161,2,2,30.0
331,161,2,2,30.0
332,161,4,2,32.0
333,162,3,1,14.0
334,162,3,2,28.0
335,162,2,1,15.0
336,163,4,2,32.0
337,163,4,2,32.0
338,164,1,1,12.0
339,164,1,1,12.0
340,164,5,1,5.0
341,165,1,1,12.0
342,165,5,1,5.0
343,166,2,2,30.0
344,166,5,2,10.0
345,167,3,1,14.0
346,168,3,1,14.0
347,168,1,2,24.0
348,168,4,1,16.0
349,169,4,2,32.0
350,170,5,2,10.0
351,171,1,1,12.0
352,172,3,2,28.0
353,172,2,1,15.0
354,173,4,1,16.0
355,173,5,1,5.0
356,174,3,2,28.0
357,174,2,2,30.0
358,174,2,2,30.0
359,175,5,1,5.0
360,176,1,2,24.0
361,176,1,2,24.0
362,177,4,1,16.0
363,177,3,1,14.0
364,177,5,2,10.0
365,178,1,2,24.0
366,179,1,2,24.0
367,179,4,2,32.0
368,179,4,1,16.0
369,180,2,1,15.0
370,180,5,1,5.0
371,180,5,1,5.0
372,181,3,2,28.0
373,181,2,1,15.0
374,182,2,1,15.0
375,182,4,2,32.0
376,182,5,2,10.0
377,183,3,1,14.0
378,184,4,2,32.0
379,185,3,2,28.0
380,186,2,2,30.0
381,187,5,1,5.0
382,187,3,2,28.0
383,188,2,1,15.0
384,188,5,1,5.0
385,189,1,1,12.0
386,189,4,2,32.0
387,189,4,2,32.0
388,190,2,1,15.0
389,190,2,2,30.0
390,191,5,2,10.0
391,192,1,2,24.0
392,193,5,1,5.0
393,193,3,2,28.0
394,193,3,1,14.0
395,194,5,2,10.0
396,195,5,2,10.0
397,195,3,2,28.0
398,196,3,2,28.0
399,196,5,1,5.0
400,196,3,1,14.0
401,197,1,1,12.0
402,198,2,1,15.0
403,198,3,1,14.0
404,198,1,1,12.0
405,199,5,1,5.0
406,199,2,1,15.0
407,200,4,1,16.0
408,200,2,2,30.0
409,200,1,1,12.0
410,201,1,2,24.0
411,201,1,2,24.0
412,201,2,1,15.0
413,202,1,1,12.0
414,203,5,1,5.0
415,203,2,1,15.0
416,204,1,1,12.0
417,204,4,2,32.0
418,204,3,2,28.0
419,205,4,1,16.0
420,205,3,2,28.0
421,205,4,1,16.0
422,206,3,1,14.0
423,207,3,2,28.0
424,207,3,2,28.0
425,208,3,2,28.0
426,208,2,2,30.0
427,209,4,1,16.0
428,209,3,2,28.0
429,210,3,1,14.0
430,210,4,1,16.0
431,211,2,2,30.0
432,211,2,1,15.0
433,212,5,1,5.0
434,212,2,2,30.0
435,213,5,2,10.0
436,214,5,2,10.0
437,214,1,1,12.0
438,215,1,2,24.0
439,216,2,2,30.0
440,216,1,2,24.0
441,217,1,2,24.0
442,217,2,1,15.0
443,217,1,1,12.0
444,218,5,1,5.0
445,219,4,2,32.0
446,220,5,2,10.0
447,221,1,2,24.0
448,221,4,2,32.0
449,221,4,2,32.0
450,222,3,2,28.0
451,223,2,1,15.0
452,224,1,2,24.0
453,224,2,2,30.0
454,224,4,2,32.0
455,225,3,1,14.0
456,225,4,1,16.0
457,226,4,2,32.0
458,226,4,1,16.0
459,227,2,1,15.0
460,227,3,1,14.0
461,227,5,1,5.0
462,228,2,1,15.0
463,228,2,2,30.0
464,228,2,1,15.0
465,229,4,1,16.0
466,230,5,2,10.0
467,230,1,1,12.0
468,230,2,1,15.0
469,231,5,2,10.0
470,232,3,1,14.0
471,233,5,1,5.0
472,234,1,2,24.0
473,234,3,2,28.0
474,234,3,1,14.0
475,235,3,1,14.0
476,236,3,2,28.0
477,237,5,1,5.0
478,237,1,2,24.0
479,237,2,1,15.0
480,238,4,2,32.0
481,238,4,2,32.0
482,239,2,2,30.0
483,240,2,2,30.0
484,241,1,1,12.0
485,241,1,1,12.0
486,241,1,2,24.0
487,242,2,2,30.0
488,243,4,2,32.0
489,243,5,2,10.0
490,243,2,2,30.0
491,244,3,1,14.0
492,244,4,2,32.0
493,244,4,2,32.0
494,245,3,2,28.0
495,245,1,1,12.0
496,245,5,1,5.0
497,246,3,1,14.0
498,247,5,1,5.0
499,248,2,1,15.0
500,248,5,1,5.0
501,249,3,2,28.0
502,249,5,2,10.0
503,250,5,2,10.0
504,250,1,2,24.0
505,250,4,2,32.0
506,251,4,1,16.0
507,252,3,2,28.0
508,252,5,1,5.0
509,252,3,2,28.0
510,253,1,2,24.0
511,253,3,2,28.0
512,254,5,2,10.0
513,255,3,2,28.0
514,255,2,2,30.0
515,256,3,2,28.0
516,256,3,1,14.0
517,256,3,2,28.0
518,257,1,1,12.0
519,258,3,2,28.0
520,258,2,1,15.0
521,259,1,1,12.0
522,260,5,1,5.0
523,260,1,2,24.0
524,260,2,2,30.0
525,261,2,1,15.0
526,261,5,1,5.0
527,261,5,2,10.0
528,262,1,2,24.0
529,263,5,1,5.0
530,263,4,1,16.0
531,264,4,2,32.0
532,264,1,2,24.0
533,265,2,2,30.0
534,266,4,1,16.0
535,267,1,2,24.0
536,267,2,2,30.0
537,267,3,1,14.0
538,268,4,2,32.0
539,268,4,1,16.0
540,269,3,2,28.0
541,269,1,1,12.0
542,269,3,1,14.0
543,270,5,1,5.0
544,270,4,2,32.0
545,270,5,2,10.0
546,271,5,2,10.0
547,271,3,1,14.0
548,271,1,1,12.0
549,272,5,1,5.0
550,273,1,1,12.0
551,273,4,1,16.0
552,274,3,1,14.0
553,274,1,1,12.0
554,275,2,1,15.0
555,275,3,2,28.0
556,275,3,1,14.0
557,276,1,1,12.0
558,276,3,1,14.0
559,277,4,1,16.0
560,277,1,1,12.0
561,277,4,2,32.0
562,278,2,2,30.0
563,278,2,1,15.0
564,279,3,2,28.0
565,279,3,1,14.0
566,280,5,1,5.0
567,281,1,2,24.0
568,281,5,2,10.0
569,282,5,2,10.0
570,282,2,2,30.0
571,282,2,1,15.0
572,283,5,1,5.0
573,283,2,2,30.0
574,283,4,2,32.0
575,284,2,1,15.0
576,284,4,1,16.0
577,285,4,2,32.0
578,285,2,1,15.0
579,285,4,2,32.0
580,286,3,1,14.0
581,286,2,2,30.0
582,287,4,2,32.0
583,287,3,1,14.0
584,287,3,2,28.0
585,288,5,1,5.0
586,288,4,1,16.0
587,289,4,2,32.0
588,290,4,1,16.0
589,290,5,1,5.0
590,291,4,1,16.0
591,292,4,1,16.0
592,293,4,2,32.0
593,293,2,1,15.0
594,293,5,2,10.0
595,294,5,1,5.0
596,294,1,1,12.0
597,295,5,1,5.0
598,295,5,2,10.0
599,295,3,1,14.0
600,296,3,1,14.0
601,297,3,1,14.0
602,297,4,1,16.0
603,298,4,1,16.0
604,299,3,2,28.0
605,299,1,1,12.0
606,299,5,1,5.0
607,300,1,1,12.0
608,300,2,2,30.0
609,300,3,2,28.0
