rota_id,staff_id,start_time,end_time,work_date
1,1,2026-02-26 09:00:00,2026-02-26 18:00:00,2026-02-26
2,2,2026-02-26 09:00:00,2026-02-26 18:00:00,2026-02-26
3,3,2026-02-26 09:00:00,2026-02-26 18:00:00,2026-02-26
4,4,2026-02-26 09:00:00,2026-02-26 18:00:00,2026-02-26
5,5,2026-02-26 09:00:00,2026-02-26 18:00:00,2026-02-26
6,6,2026-02-26 09:00:00,2026-02-26 18:00:00,2026-02-26
7,7,2026-02-26 09:00:00,2026-02-26 18:00:00,2026-02-26
8,8,2026-02-26 09:00:00,2026-02-26 18:00:00,2026-02-26
9,9,2026-02-26 09:00:00,2026-02-26 18:00:00,2026-02-26
10,10,2026-02-26 09:00:00,2026-02-26 18:00:00,2026-02-26
11,11,2026-02-26 09:00:00,2026-02-26 18:00:00,2026-02-26
12,12,2026-02-26 08:00:00,2026-02-26 12:30:00,2026-02-26
13,13,2026-02-26 12:30:00,2026-02-26 17:00:00,2026-02-26
14,12,2026-02-26 17:00:00,2026-02-26 21:00:00,2026-02-26
15,1,2026-02-27 09:00:00,2026-02-27 18:00:00,2026-02-27
16,2,2026-02-27 09:00:00,2026-02-27 18:00:00,2026-02-27
17,3,2026-02-27 09:00:00,2026-02-27 18:00:00,2026-02-27
18,4,2026-02-27 09:00:00,2026-02-27 18:00:00,2026-02-27
19,5,2026-02-27 09:00:00,2026-02-27 18:00:00,2026-02-27
20,6,2026-02-27 09:00:00,2026-02-27 18:00:00,2026-02-27
21,7,2026-02-27 09:00:00,2026-02-27 18:00:00,2026-02-27
22,8,2026-02-27 09:00:00,2026-02-27 18:00:00,2026-02-27
23,9,2026-02-27 09:00:00,2026-02-27 18:00:00,2026-02-27
24,10,2026-02-27 09:00:00,2026-02-27 18:00:00,2026-02-27
25,11,2026-02-27 09:00:00,2026-02-27 18:00:00,2026-02-27
26,12,2026-02-27 08:00:00,2026-02-27 12:30:00,2026-02-27
27,13,2026-02-27 12:30:00,2026-02-27 17:00:00,2026-02-27
28,12,2026-02-27 17:00:00,2026-02-27 21:00:00,2026-02-27
29,1,2026-02-28 09:00:00,2026-02-28 18:00:00,2026-02-28
30,2,2026-02-28 09:00:00,2026-02-28 18:00:00,2026-02-28
31,3,2026-02-28 09:00:00,2026-02-28 18:00:00,2026-02-28
32,4,2026-02-28 09:00:00,2026-02-28 18:00:00,2026-02-28
33,5,2026-02-28 09:00:00,2026-02-28 18:00:00,2026-02-28
34,6,2026-02-28 09:00:00,2026-02-28 18:00:00,2026-02-28
35,7,2026-02-28 09:00:00,2026-02-28 18:00:00,2026-02-28
36,8,2026-02-28 09:00:00,2026-02-28 18:00:00,2026-02-28
37,9,2026-02-28 09:00:00,2026-02-28 18:00:00,2026-02-28
38,10,2026-02-28 09:00:00,2026-02-28 18:00:00,2026-02-28
39,11,2026-02-28 09:00:00,2026-02-28 18:00:00,2026-02-28
40,12,2026-02-28 08:00:00,2026-02-28 12:30:00,2026-02-28
41,13,2026-02-28 12:30:00,2026-02-28 17:00:00,2026-02-28
42,12,2026-02-28 17:00:00,2026-02-28 21:00:00,2026-02-28
43,1,2026-03-01 09:00:00,2026-03-01 18:00:00,2026-03-01
44,2,2026-03-01 09:00:00,2026-03-01 18:00:00,2026-03-01
45,3,2026-03-01 09:00:00,2026-03-01 18:00:00,2026-03-01
46,4,2026-03-01 09:00:00,2026-03-01 18:00:00,2026-03-01
47,5,2026-03-01 09:00:00,2026-03-01 18:00:00,2026-03-01
48,6,2026-03-01 09:00:00,2026-03-01 18:00:00,2026-03-01
49,7,2026-03-01 09:00:00,2026-03-01 18:00:00,2026-03-01
50,8,2026-03-01 09:00:00,2026-03-01 18:00:00,2026-03-01
51,9,2026-03-01 09:00:00,2026-03-01 18:00:00,2026-03-01
52,10,2026-03-01 09:00:00,2026-03-01 18:00:00,2026-03-01
53,11,2026-03-01 09:00:00,2026-03-01 18:00:00,2026-03-01
54,12,2026-03-01 08:00:00,2026-03-01 12:30:00,2026-03-01
55,13,2026-03-01 12:30:00,2026-03-01 17:00:00,2026-03-01
56,12,2026-03-01 17:00:00,2026-03-01 21:00:00,2026-03-01
57,1,2026-03-02 09:00:00,2026-03-02 18:00:00,2026-03-02
58,2,2026-03-02 09:00:00,2026-03-02 18:00:00,2026-03-02
59,3,2026-03-02 09:00:00,2026-03-02 18:00:00,2026-03-02
60,4,2026-03-02 09:00:00,2026-03-02 18:00:00,2026-03-02
61,5,2026-03-02 09:00:00,2026-03-02 18:00:00,2026-03-02
62,6,2026-03-02 09:00:00,2026-03-02 18:00:00,2026-03-02
63,7,2026-03-02 09:00:00,2026-03-02 18:00:00,2026-03-02
64,8,2026-03-02 09:00:00,2026-03-02 18:00:00,2026-03-02
65,9,2026-03-02 09:00:00,2026-03-02 18:00:00,2026-03-02
66,10,2026-03-02 09:00:00,2026-03-02 18:00:00,2026-03-02
67,11,2026-03-02 09:00:00,2026-03-02 18:00:00,2026-03-02
68,12,2026-03-02 08:00:00,2026-03-02 12:30:00,2026-03-02
69,13,2026-03-02 12:30:00,2026-03-02 17:00:00,2026-03-02
70,12,2026-03-02 17:00:00,2026-03-02 21:00:00,2026-03-02
71,1,2026-03-03 09:00:00,2026-03-03 18:00:00,2026-03-03
72,2,2026-03-03 09:00:00,2026-03-03 18:00:00,2026-03-03
73,3,2026-03-03 09:00:00,2026-03-03 18:00:00,2026-03-03
74,4,2026-03-03 09:00:00,2026-03-03 18:00:00,2026-03-03
75,5,2026-03-03 09:00:00,2026-03-03 18:00:00,2026-03-03
76,6,2026-03-03 09:00:00,2026-03-03 18:00:00,2026-03-03
77,7,2026-03-03 09:00:00,2026-03-03 18:00:00,2026-03-03
78,8,2026-03-03 09:00:00,2026-03-03 18:00:00,2026-03-03
79,9,2026-03-03 09:00:00,2026-03-03 18:00:00,2026-03-03
80,10,2026-03-03 09:00:00,2026-03-03 18:00:00,2026-03-03
81,11,2026-03-03 09:00:00,2026-03-03 18:00:00,2026-03-03
82,12,2026-03-03 08:00:00,2026-03-03 12:30:00,2026-03-03
83,13,2026-03-03 12:30:00,2026-03-03 17:00:00,2026-03-03
84,12,2026-03-03 17:00:00,2026-03-03 21:00:00,2026-03-03
85,1,2026-03-04 09:00:00,2026-03-04 18:00:00,2026-03-04
86,2,2026-03-04 09:00:00,2026-03-04 18:00:00,2026-03-04
87,3,2026-03-04 09:00:00,2026-03-04 18:00:00,2026-03-04
88,4,2026-03-04 09:00:00,2026-03-04 18:00:00,2026-03-04
89,5,2026-03-04 09:00:00,2026-03-04 18:00:00,2026-03-04
90,6,2026-03-04 09:00:00,2026-03-04 18:00:00,2026-03-04
91,7,2026-03-04 09:00:00,2026-03-04 18:00:00,2026-03-04
92,8,2026-03-04 09:00:00,2026-03-04 18:00:00,2026-03-04
93,9,2026-03-04 09:00:00,2026-03-04 18:00:00,2026-03-04
94,10,2026-03-04 09:00:00,2026-03-04 18:00:00,2026-03-04
95,11,2026-03-04 09:00:00,2026-03-04 18:00:00,2026-03-04
96,12,2026-03-04 08:00:00,2026-03-04 12:30:00,2026-03-04
97,13,2026-03-04 12:30:00,2026-03-04 17:00:00,2026-03-04
98,12,2026-03-04 17:00:00,2026-03-04 21:00:00,2026-03-04
99,1,2026-03-05 09:00:00,2026-03-05 18:00:00,2026-03-05
100,2,2026-03-05 09:00:00,2026-03-05 18:00:00,2026-03-05
101,3,2026-03-05 09:00:00,2026-03-05 18:00:00,2026-03-05
102,4,2026-03-05 09:00:00,2026-03-05 18:00:00,2026-03-05
103,5,2026-03-05 09:00:00,2026-03-05 18:00:00,2026-03-05
104,6,2026-03-05 09:00:00,2026-03-05 18:00:00,2026-03-05
105,7,2026-03-05 09:00:00,2026-03-05 18:00:00,2026-03-05
106,8,2026-03-05 09:00:00,2026-03-05 18:00:00,2026-03-05
107,9,2026-03-05 09:00:00,2026-03-05 18:00:00,2026-03-05
108,10,2026-03-05 09:00:00,2026-03-05 18:00:00,2026-03-05
109,11,2026-03-05 09:00:00,2026-03-05 18:00:00,2026-03-05
110,12,2026-03-05 08:00:00,2026-03-05 12:30:00,2026-03-05
111,13,2026-03-05 12:30:00,2026-03-05 17:00:00,2026-03-05
112,12,2026-03-05 17:00:00,2026-03-05 21:00:00,2026-03-05
113,1,2026-03-06 09:00:00,2026-03-06 18:00:00,2026-03-06
114,2,2026-03-06 09:00:00,2026-03-06 18:00:00,2026-03-06
115,3,2026-03-06 09:00:00,2026-03-06 18:00:00,2026-03-06
116,4,2026-03-06 09:00:00,2026-03-06 18:00:00,2026-03-06
117,5,2026-03-06 09:00:00,2026-03-06 18:00:00,2026-03-06
118,6,2026-03-06 09:00:00,2026-03-06 18:00:00,2026-03-06
119,7,2026-03-06 09:00:00,2026-03-06 18:00:00,2026-03-06
120,8,2026-03-06 09:00:00,2026-03-06 18:00:00,2026-03-06
121,9,2026-03-06 09:00:00,2026-03-06 18:00:00,2026-03-06
122,10,2026-03-06 09:00:00,2026-03-06 18:00:00,2026-03-06
123,11,2026-03-06 09:00:00,2026-03-06 18:00:00,2026-03-06
124,12,2026-03-06 08:00:00,2026-03-06 12:30:00,2026-03-06
125,13,2026-03-06 12:30:00,2026-03-06 17:00:00,2026-03-06
126,12,2026-03-06 17:00:00,2026-03-06 21:00:00,2026-03-06
127,1,2026-03-07 09:00:00,2026-03-07 18:00:00,2026-03-07
128,2,2026-03-07 09:00:00,2026-03-07 18:00:00,2026-03-07
129,3,2026-03-07 09:00:00,2026-03-07 18:00:00,2026-03-07
130,4,2026-03-07 09:00:00,2026-03-07 18:00:00,2026-03-07
131,5,2026-03-07 09:00:00,2026-03-07 18:00:00,2026-03-07
132,6,2026-03-07 09:00:00,2026-03-07 18:00:00,2026-03-07
133,7,2026-03-07 09:00:00,2026-03-07 18:00:00,2026-03-07
134,8,2026-03-07 09:00:00,2026-03-07 18:00:00,2026-03-07
135,9,2026-03-07 09:00:00,2026-03-07 18:00:00,2026-03-07
136,10,2026-03-07 09:00:00,2026-03-07 18:00:00,2026-03-07
137,11,2026-03-07 09:00:00,2026-03-07 18:00:00,2026-03-07
138,12,2026-03-07 08:00:00,2026-03-07 12:30:00,2026-03-07
139,13,2026-03-07 12:30:00,2026-03-07 17:00:00,2026-03-07
140,12,2026-03-07 17:00:00,2026-03-07 21:00:00,2026-03-07
141,1,2026-03-08 09:00:00,2026-03-08 18:00:00,2026-03-08
142,2,2026-03-08 09:00:00,2026-03-08 18:00:00,2026-03-08
143,3,2026-03-08 09:00:00,2026-03-08 18:00:00,2026-03-08
144,4,2026-03-08 09:00:00,2026-03-08 18:00:00,2026-03-08
145,5,2026-03-08 09:00:00,2026-03-08 18:00:00,2026-03-08
146,6,2026-03-08 09:00:00,2026-03-08 18:00:00,2026-03-08
147,7,2026-03-08 09:00:00,2026-03-08 18:00:00,2026-03-08
148,8,2026-03-08 09:00:00,2026-03-08 18:00:00,2026-03-08
149,9,2026-03-08 09:00:00,2026-03-08 18:00:00,2026-03-08
150,10,2026-03-08 09:00:00,2026-03-08 18:00:00,2026-03-08
151,11,2026-03-08 09:00:00,2026-03-08 18:00:00,2026-03-08
152,12,2026-03-08 08:00:00,2026-03-08 12:30:00,2026-03-08
153,13,2026-03-08 12:30:00,2026-03-08 17:00:00,2026-03-08
154,12,2026-03-08 17:00:00,2026-03-08 21:00:00,2026-03-08
155,1,2026-03-09 09:00:00,2026-03-09 18:00:00,2026-03-09
156,2,2026-03-09 09:00:00,2026-03-09 18:00:00,2026-03-09
157,3,2026-03-09 09:00:00,2026-03-09 18:00:00,2026-03-09
158,4,2026-03-09 09:00:00,2026-03-09 18:00:00,2026-03-09
159,5,2026-03-09 09:00:00,2026-03-09 18:00:00,2026-03-09
160,6,2026-03-09 09:00:00,2026-03-09 18:00:00,2026-03-09
161,7,2026-03-09 09:00:00,2026-03-09 18:00:00,2026-03-09
162,8,2026-03-09 09:00:00,2026-03-09 18:00:00,2026-03-09
163,9,2026-03-09 09:00:00,2026-03-09 18:00:00,2026-03-09
164,10,2026-03-09 09:00:00,2026-03-09 18:00:00,2026-03-09
165,11,2026-03-09 09:00:00,2026-03-09 18:00:00,2026-03-09
166,12,2026-03-09 08:00:00,2026-03-09 12:30:00,2026-03-09
167,13,2026-03-09 12:30:00,2026-03-09 17:00:00,2026-03-09
168,12,2026-03-09 17:00:00,2026-03-09 21:00:00,2026-03-09
169,1,2026-03-10 09:00:00,2026-03-10 18:00:00,2026-03-10
170,2,2026-03-10 09:00:00,2026-03-10 18:00:00,2026-03-10
171,3,2026-03-10 09:00:00,2026-03-10 18:00:00,2026-03-10
172,4,2026-03-10 09:00:00,2026-03-10 18:00:00,2026-03-10
173,5,2026-03-10 09:00:00,2026-03-10 18:00:00,2026-03-10
174,6,2026-03-10 09:00:00,2026-03-10 18:00:00,2026-03-10
175,7,2026-03-10 09:00:00,2026-03-10 18:00:00,2026-03-10
176,8,2026-03-10 09:00:00,2026-03-10 18:00:00,2026-03-10
177,9,2026-03-10 09:00:00,2026-03-10 18:00:00,2026-03-10
178,10,2026-03-10 09:00:00,2026-03-10 18:00:00,2026-03-10
179,11,2026-03-10 09:00:00,2026-03-10 18:00:00,2026-03-10
180,12,2026-03-10 08:00:00,2026-03-10 12:30:00,2026-03-10
181,13,2026-03-10 12:30:00,2026-03-10 17:00:00,2026-03-10
182,12,2026-03-10 17:00:00,2026-03-10 21:00:00,2026-03-10
183,1,2026-03-11 09:00:00,2026-03-11 18:00:00,2026-03-11
184,2,2026-03-11 09:00:00,2026-03-11 18:00:00,2026-03-11
185,3,2026-03-11 09:00:00,2026-03-11 18:00:00,2026-03-11
186,4,2026-03-11 09:00:00,2026-03-11 18:00:00,2026-03-11
187,5,2026-03-11 09:00:00,2026-03-11 18:00:00,2026-03-11
188,6,2026-03-11 09:00:00,2026-03-11 18:00:00,2026-03-11
189,7,2026-03-11 09:00:00,2026-03-11 18:00:00,2026-03-11
190,8,2026-03-11 09:00:00,2026-03-11 18:00:00,2026-03-11
191,9,2026-03-11 09:00:00,2026-03-11 18:00:00,2026-03-11
192,10,2026-03-11 09:00:00,2026-03-11 18:00:00,2026-03-11
193,11,2026-03-11 09:00:00,2026-03-11 18:00:00,2026-03-11
194,12,2026-03-11 08:00:00,2026-03-11 12:30:00,2026-03-11
195,13,2026-03-11 12:30:00,2026-03-11 17:00:00,2026-03-11
196,12,2026-03-11 17:00:00,2026-03-11 21:00:00,2026-03-11
197,1,2026-03-12 09:00:00,2026-03-12 18:00:00,2026-03-12
198,2,2026-03-12 09:00:00,2026-03-12 18:00:00,2026-03-12
199,3,2026-03-12 09:00:00,2026-03-12 18:00:00,2026-03-12
200,4,2026-03-12 09:00:00,2026-03-12 18:00:00,2026-03-12
201,5,2026-03-12 09:00:00,2026-03-12 18:00:00,2026-03-12
202,6,2026-03-12 09:00:00,2026-03-12 18:00:00,2026-03-12
203,7,2026-03-12 09:00:00,2026-03-12 18:00:00,2026-03-12
204,8,2026-03-12 09:00:00,2026-03-12 18:00:00,2026-03-12
205,9,2026-03-12 09:00:00,2026-03-12 18:00:00,2026-03-12
206,10,2026-03-12 09:00:00,2026-03-12 18:00:00,2026-03-12
207,11,2026-03-12 09:00:00,2026-03-12 18:00:00,2026-03-12
208,12,2026-03-12 08:00:00,2026-03-12 12:30:00,2026-03-12
209,13,2026-03-12 12:30:00,2026-03-12 17:00:00,2026-03-12
210,12,2026-03-12 17:00:00,2026-03-12 21:00:00,2026-03-12
211,1,2026-03-13 09:00:00,2026-03-13 18:00:00,2026-03-13
212,2,2026-03-13 09:00:00,2026-03-13 18:00:00,2026-03-13
213,3,2026-03-13 09:00:00,2026-03-13 18:00:00,2026-03-13
214,4,2026-03-13 09:00:00,2026-03-13 18:00:00,2026-03-13
215,5,2026-03-13 09:00:00,2026-03-13 18:00:00,2026-03-13
216,6,2026-03-13 09:00:00,2026-03-13 18:00:00,2026-03-13
217,7,2026-03-13 09:00:00,2026-03-13 18:00:00,2026-03-13
218,8,2026-03-13 09:00:00,2026-03-13 18:00:00,2026-03-13
219,9,2026-03-13 09:00:00,2026-03-13 18:00:00,2026-03-13
220,10,2026-03-13 09:00:00,2026-03-13 18:00:00,2026-03-13
221,11,2026-03-13 09:00:00,2026-03-13 18:00:00,2026-03-13
222,12,2026-03-13 08:00:00,2026-03-13 12:30:00,2026-03-13
223,13,2026-03-13 12:30:00,2026-03-13 17:00:00,2026-03-13
224,12,2026-03-13 17:00:00,2026-03-13 21:00:00,2026-03-13
225,1,2026-03-14 09:00:00,2026-03-14 18:00:00,2026-03-14
226,2,2026-03-14 09:00:00,2026-03-14 18:00:00,2026-03-14
227,3,2026-03-14 09:00:00,2026-03-14 18:00:00,2026-03-14
228,4,2026-03-14 09:00:00,2026-03-14 18:00:00,2026-03-14
229,5,2026-03-14 09:00:00,2026-03-14 18:00:00,2026-03-14
230,6,2026-03-14 09:00:00,2026-03-14 18:00:00,2026-03-14
231,7,2026-03-14 09:00:00,2026-03-14 18:00:00,2026-03-14
232,8,2026-03-14 09:00:00,2026-03-14 18:00:00,2026-03-14
233,9,2026-03-14 09:00:00,2026-03-14 18:00:00,2026-03-14
234,10,2026-03-14 09:00:00,2026-03-14 18:00:00,2026-03-14
235,11,2026-03-14 09:00:00,2026-03-14 18:00:00,2026-03-14
236,12,2026-03-14 08:00:00,2026-03-14 12:30:00,2026-03-14
237,13,2026-03-14 12:30:00,2026-03-14 17:00:00,2026-03-14
238,12,2026-03-14 17:00:00,2026-03-14 21:00:00,2026-03-14
239,1,2026-03-15 09:00:00,2026-03-15 18:00:00,2026-03-15
240,2,2026-03-15 09:00:00,2026-03-15 18:00:00,2026-03-15
241,3,2026-03-15 09:00:00,2026-03-15 18:00:00,2026-03-15
242,4,2026-03-15 09:00:00,2026-03-15 18:00:00,2026-03-15
243,5,2026-03-15 09:00:00,2026-03-15 18:00:00,2026-03-15
244,6,2026-03-15 09:00:00,2026-03-15 18:00:00,2026-03-15
245,7,2026-03-15 09:00:00,2026-03-15 18:00:00,2026-03-15
246,8,2026-03-15 09:00:00,2026-03-15 18:00:00,2026-03-15
247,9,2026-03-15 09:00:00,2026-03-15 18:00:00,2026-03-15
248,10,2026-03-15 09:00:00,2026-03-15 18:00:00,2026-03-15
249,11,2026-03-15 09:00:00,2026-03-15 18:00:00,2026-03-15
250,12,2026-03-15 08:00:00,2026-03-15 12:30:00,2026-03-15
251,13,2026-03-15 12:30:00,2026-03-15 17:00:00,2026-03-15
252,12,2026-03-15 17:00:00,2026-03-15 21:00:00,2026-03-15
253,1,2026-03-16 09:00:00,2026-03-16 18:00:00,2026-03-16
254,2,2026-03-16 09:00:00,2026-03-16 18:00:00,2026-03-16
255,3,2026-03-16 09:00:00,2026-03-16 18:00:00,2026-03-16
256,4,2026-03-16 09:00:00,2026-03-16 18:00:00,2026-03-16
257,5,2026-03-16 09:00:00,2026-03-16 18:00:00,2026-03-16
258,6,2026-03-16 09:00:00,2026-03-16 18:00:00,2026-03-16
259,7,2026-03-16 09:00:00,2026-03-16 18:00:00,2026-03-16
260,8,2026-03-16 09:00:00,2026-03-16 18:00:00,2026-03-16
261,9,2026-03-16 09:00:00,2026-03-16 18:00:00,2026-03-16
262,10,2026-03-16 09:00:00,2026-03-16 18:00:00,2026-03-16
263,11,2026-03-16 09:00:00,2026-03-16 18:00:00,2026-03-16
264,12,2026-03-16 08:00:00,2026-03-16 12:30:00,2026-03-16
265,13,2026-03-16 12:30:00,2026-03-16 17:00:00,2026-03-16
266,12,2026-03-16 17:00:00,2026-03-16 21:00:00,2026-03-16
267,1,2026-03-17 09:00:00,2026-03-17 18:00:00,2026-03-17
268,2,2026-03-17 09:00:00,2026-03-17 18:00:00,2026-03-17
269,3,2026-03-17 09:00:00,2026-03-17 18:00:00,2026-03-17
270,4,2026-03-17 09:00:00,2026-03-17 18:00:00,2026-03-17
271,5,2026-03-17 09:00:00,2026-03-17 18:00:00,2026-03-17
272,6,2026-03-17 09:00:00,2026-03-17 18:00:00,2026-03-17
273,7,2026-03-17 09:00:00,2026-03-17 18:00:00,2026-03-17
274,8,2026-03-17 09:00:00,2026-03-17 18:00:00,2026-03-17
275,9,2026-03-17 09:00:00,2026-03-17 18:00:00,2026-03-17
276,10,2026-03-17 09:00:00,2026-03-17 18:00:00,2026-03-17
277,11,2026-03-17 09:00:00,2026-03-17 18:00:00,2026-03-17
278,12,2026-03-17 08:00:00,2026-03-17 12:30:00,2026-03-17
279,13,2026-03-17 12:30:00,2026-03-17 17:00:00,2026-03-17
280,12,2026-03-17 17:00:00,2026-03-17 21:00:00,2026-03-17
281,1,2026-03-18 09:00:00,2026-03-18 18:00:00,2026-03-18
282,2,2026-03-18 09:00:00,2026-03-18 18:00:00,2026-03-18
283,3,2026-03-18 09:00:00,2026-03-18 18:00:00,2026-03-18
284,4,2026-03-18 09:00:00,2026-03-18 18:00:00,2026-03-18
285,5,2026-03-18 09:00:00,2026-03-18 18:00:00,2026-03-18
286,6,2026-03-18 09:00:00,2026-03-18 18:00:00,2026-03-18
287,7,2026-03-18 09:00:00,2026-03-18 18:00:00,2026-03-18
288,8,2026-03-18 09:00:00,2026-03-18 18:00:00,2026-03-18
289,9,2026-03-18 09:00:00,2026-03-18 18:00:00,2026-03-18
290,10,2026-03-18 09:00:00,2026-03-18 18:00:00,2026-03-18
291,11,2026-03-18 09:00:00,2026-03-18 18:00:00,2026-03-18
292,12,2026-03-18 08:00:00,2026-03-18 12:30:00,2026-03-18
293,13,2026-03-18 12:30:00,2026-03-18 17:00:00,2026-03-18
294,12,2026-03-18 17:00:00,2026-03-18 21:00:00,2026-03-18
295,1,2026-03-19 09:00:00,2026-03-19 18:00:00,2026-03-19
296,2,2026-03-19 09:00:00,2026-03-19 18:00:00,2026-03-19
297,3,2026-03-19 09:00:00,2026-03-19 18:00:00,2026-03-19
298,4,2026-03-19 09:00:00,2026-03-19 18:00:00,2026-03-19
299,5,2026-03-19 09:00:00,2026-03-19 18:00:00,2026-03-19
300,6,2026-03-19 09:00:00,2026-03-19 18:00:00,2026-03-19
301,7,2026-03-19 09:00:00,2026-03-19 18:00:00,2026-03-19
302,8,2026-03-19 09:00:00,2026-03-19 18:00:00,2026-03-19
303,9,2026-03-19 09:00:00,2026-03-19 18:00:00,2026-03-19
304,10,2026-03-19 09:00:00,2026-03-19 18:00:00,2026-03-19
305,11,2026-03-19 09:00:00,2026-03-19 18:00:00,2026-03-19
306,12,2026-03-19 08:00:00,2026-03-19 12:30:00,2026-03-19
307,13,2026-03-19 12:30:00,2026-03-19 17:00:00,2026-03-19
308,12,2026-03-19 17:00:00,2026-03-19 21:00:00,2026-03-19
309,1,2026-03-20 09:00:00,2026-03-20 18:00:00,2026-03-20
310,2,2026-03-20 09:00:00,2026-03-20 18:00:00,2026-03-20
311,3,2026-03-20 09:00:00,2026-03-20 18:00:00,2026-03-20
312,4,2026-03-20 09:00:00,2026-03-20 18:00:00,2026-03-20
313,5,2026-03-20 09:00:00,2026-03-20 18:00:00,2026-03-20
314,6,2026-03-20 09:00:00,2026-03-20 18:00:00,2026-03-20
315,7,2026-03-20 09:00:00,2026-03-20 18:00:00,2026-03-20
316,8,2026-03-20 09:00:00,2026-03-20 18:00:00,2026-03-20
317,9,2026-03-20 09:00:00,2026-03-20 18:00:00,2026-03-20
318,10,2026-03-20 09:00:00,2026-03-20 18:00:00,2026-03-20
319,11,2026-03-20 09:00:00,2026-03-20 18:00:00,2026-03-20
320,12,2026-03-20 08:00:00,2026-03-20 12:30:00,2026-03-20
321,13,2026-03-20 12:30:00,2026-03-20 17:00:00,2026-03-20
322,12,2026-03-20 17:00:00,2026-03-20 21:00:00,2026-03-20
323,1,2026-03-21 09:00:00,2026-03-21 18:00:00,2026-03-21
324,2,2026-03-21 09:00:00,2026-03-21 18:00:00,2026-03-21
325,3,2026-03-21 09:00:00,2026-03-21 18:00:00,2026-03-21
326,4,2026-03-21 09:00:00,2026-03-21 18:00:00,2026-03-21
327,5,2026-03-21 09:00:00,2026-03-21 18:00:00,2026-03-21
328,6,2026-03-21 09:00:00,2026-03-21 18:00:00,2026-03-21
329,7,2026-03-21 09:00:00,2026-03-21 18:00:00,2026-03-21
330,8,2026-03-21 09:00:00,2026-03-21 18:00:00,2026-03-21
331,9,2026-03-21 09:00:00,2026-03-21 18:00:00,2026-03-21
332,10,2026-03-21 09:00:00,2026-03-21 18:00:00,2026-03-21
333,11,2026-03-21 09:00:00,2026-03-21 18:00:00,2026-03-21
334,12,2026-03-21 08:00:00,2026-03-21 12:30:00,2026-03-21
335,13,2026-03-21 12:30:00,2026-03-21 17:00:00,2026-03-21
336,12,2026-03-21 17:00:00,2026-03-21 21:00:00,2026-03-21
337,1,2026-03-22 09:00:00,2026-03-22 18:00:00,2026-03-22
338,2,2026-03-22 09:00:00,2026-03-22 18:00:00,2026-03-22
339,3,2026-03-22 09:00:00,2026-03-22 18:00:00,2026-03-22
340,4,2026-03-22 09:00:00,2026-03-22 18:00:00,2026-03-22
341,5,2026-03-22 09:00:00,2026-03-22 18:00:00,2026-03-22
342,6,2026-03-22 09:00:00,2026-03-22 18:00:00,2026-03-22
343,7,2026-03-22 09:00:00,2026-03-22 18:00:00,2026-03-22
344,8,2026-03-22 09:00:00,2026-03-22 18:00:00,2026-03-22
345,9,2026-03-22 09:00:00,2026-03-22 18:00:00,2026-03-22
346,10,2026-03-22 09:00:00,2026-03-22 18:00:00,2026-03-22
347,11,2026-03-22 09:00:00,2026-03-22 18:00:00,2026-03-22
348,12,2026-03-22 08:00:00,2026-03-22 12:30:00,2026-03-22
349,13,2026-03-22 12:30:00,2026-03-22 17:00:00,2026-03-22
350,12,2026-03-22 17:00:00,2026-03-22 21:00:00,2026-03-22
351,1,2026-03-23 09:00:00,2026-03-23 18:00:00,2026-03-23
352,2,2026-03-23 09:00:00,2026-03-23 18:00:00,2026-03-23
353,3,2026-03-23 09:00:00,2026-03-23 18:00:00,2026-03-23
354,4,2026-03-23 09:00:00,2026-03-23 18:00:00,2026-03-23
355,5,2026-03-23 09:00:00,2026-03-23 18:00:00,2026-03-23
356,6,2026-03-23 09:00:00,2026-03-23 18:00:00,2026-03-23
357,7,2026-03-23 09:00:00,2026-03-23 18:00:00,2026-03-23
358,8,2026-03-23 09:00:00,2026-03-23 18:00:00,2026-03-23
359,9,2026-03-23 09:00:00,2026-03-23 18:00:00,2026-03-23
360,10,2026-03-23 09:00:00,2026-03-23 18:00:00,2026-03-23
361,11,2026-03-23 09:00:00,2026-03-23 18:00:00,2026-03-23
362,12,2026-03-23 08:00:00,2026-03-23 12:30:00,2026-03-23
363,13,2026-03-23 12:30:00,2026-03-23 17:00:00,2026-03-23
364,12,2026-03-23 17:00:00,2026-03-23 21:00:00,2026-03-23
365,1,2026-03-24 09:00:00,2026-03-24 18:00:00,2026-03-24
366,2,2026-03-24 09:00:00,2026-03-24 18:00:00,2026-03-24
367,3,2026-03-24 09:00:00,2026-03-24 18:00:00,2026-03-24
368,4,2026-03-24 09:00:00,2026-03-24 18:00:00,2026-03-24
369,5,2026-03-24 09:00:00,2026-03-24 18:00:00,2026-03-24
370,6,2026-03-24 09:00:00,2026-03-24 18:00:00,2026-03-24
371,7,2026-03-24 09:00:00,2026-03-24 18:00:00,2026-03-24
372,8,2026-03-24 09:00:00,2026-03-24 18:00:00,2026-03-24
373,9,2026-03-24 09:00:00,2026-03-24 18:00:00,2026-03-24
374,10,2026-03-24 09:00:00,2026-03-24 18:00:00,2026-03-24
375,11,2026-03-24 09:00:00,2026-03-24 18:00:00,2026-03-24
376,12,2026-03-24 08:00:00,2026-03-24 12:30:00,2026-03-24
377,13,2026-03-24 12:30:00,2026-03-24 17:00:00,2026-03-24
378,12,2026-03-24 17:00:00,2026-03-24 21:00:00,2026-03-24
379,1,2026-03-25 09:00:00,2026-03-25 18:00:00,2026-03-25
380,2,2026-03-25 09:00:00,2026-03-25 18:00:00,2026-03-25
381,3,2026-03-25 09:00:00,2026-03-25 18:00:00,2026-03-25
382,4,2026-03-25 09:00:00,2026-03-25 18:00:00,2026-03-25
383,5,2026-03-25 09:00:00,2026-03-25 18:00:00,2026-03-25
384,6,2026-03-25 09:00:00,2026-03-25 18:00:00,2026-03-25
385,7,2026-03-25 09:00:00,2026-03-25 18:00:00,2026-03-25
386,8,2026-03-25 09:00:00,2026-03-25 18:00:00,2026-03-25
387,9,2026-03-25 09:00:00,2026-03-25 18:00:00,2026-03-25
388,10,2026-03-25 09:00:00,2026-03-25 18:00:00,2026-03-25
389,11,2026-03-25 09:00:00,2026-03-25 18:00:00,2026-03-25
390,12,2026-03-25 08:00:00,2026-03-25 12:30:00,2026-03-25
391,13,2026-03-25 12:30:00,2026-03-25 17:00:00,2026-03-25
392,12,2026-03-25 17:00:00,2026-03-25 21:00:00,2026-03-25
393,1,2026-03-26 09:00:00,2026-03-26 18:00:00,2026-03-26
394,2,2026-03-26 09:00:00,2026-03-26 18:00:00,2026-03-26
395,3,2026-03-26 09:00:00,2026-03-26 18:00:00,2026-03-26
396,4,2026-03-26 09:00:00,2026-03-26 18:00:00,2026-03-26
397,5,2026-03-26 09:00:00,2026-03-26 18:00:00,2026-03-26
398,6,2026-03-26 09:00:00,2026-03-26 18:00:00,2026-03-26
399,7,2026-03-26 09:00:00,2026-03-26 18:00:00,2026-03-26
400,8,2026-03-26 09:00:00,2026-03-26 18:00:00,2026-03-26
401,9,2026-03-26 09:00:00,2026-03-26 18:00:00,2026-03-26
402,10,2026-03-26 09:00:00,2026-03-26 18:00:00,2026-03-26
403,11,2026-03-26 09:00:00,2026-03-26 18:00:00,2026-03-26
404,12,2026-03-26 08:00:00,2026-03-26 12:30:00,2026-03-26
405,13,2026-03-26 12:30:00,2026-03-26 17:00:00,2026-03-26
406,12,2026-03-26 17:00:00,2026-03-26 21:00:00,2026-03-26
407,1,2026-03-27 09:00:00,2026-03-27 18:00:00,2026-03-27
408,2,2026-03-27 09:00:00,2026-03-27 18:00:00,2026-03-27
409,3,2026-03-27 09:00:00,2026-03-27 18:00:00,2026-03-27
410,4,2026-03-27 09:00:00,2026-03-27 18:00:00,2026-03-27
411,5,2026-03-27 09:00:00,2026-03-27 18:00:00,2026-03-27
412,6,2026-03-27 09:00:00,2026-03-27 18:00:00,2026-03-27
413,7,2026-03-27 09:00:00,2026-03-27 18:00:00,2026-03-27
414,8,2026-03-27 09:00:00,2026-03-27 18:00:00,2026-03-27
415,9,2026-03-27 09:00:00,2026-03-27 18:00:00,2026-03-27
416,10,2026-03-27 09:00:00,2026-03-27 18:00:00,2026-03-27
417,11,2026-03-27 09:00:00,2026-03-27 18:00:00,2026-03-27
418,12,2026-03-27 08:00:00,2026-03-27 12:30:00,2026-03-27
419,13,2026-03-27 12:30:00,2026-03-27 17:00:00,2026-03-27
420,12,2026-03-27 17:00:00,2026-03-27 21:00:00,2026-03-27
