log_id,ing_id,rota_id,change_amount,created_at
1,1,12,200,2026-02-26 08:00:00
2,2,12,200,2026-02-26 08:00:00
3,3,12,200,2026-02-26 08:00:00
4,4,12,200,2026-02-26 08:00:00
5,5,12,200,2026-02-26 08:00:00
6,6,12,200,2026-02-26 08:00:00
7,7,12,200,2026-02-26 08:00:00
8,8,12,200,2026-02-26 08:00:00
9,1,13,-1,2026-02-26 13:51:00
10,2,13,-1,2026-02-26 13:51:00
11,1,13,-2,2026-02-26 13:51:00
12,2,13,-2,2026-02-26 13:51:00
13,1,13,-1,2026-02-26 13:51:00
14,2,13,-1,2026-02-26 13:51:00
15,1,12,-1,2026-02-26 09:03:00
16,2,12,-1,2026-02-26 09:03:00
17,3,12,-1,2026-02-26 09:03:00
18,4,12,-2,2026-02-26 09:03:00
19,1,12,-2,2026-02-26 09:03:00
20,2,12,-2,2026-02-26 09:03:00
21,1,12,-1,2026-02-26 09:03:00
22,2,12,-1,2026-02-26 09:03:00
23,1,12,-1,2026-02-26 11:28:00
24,2,12,-1,2026-02-26 11:28:00
25,3,12,-1,2026-02-26 11:28:00
26,1,13,-1,2026-02-26 15:00:00
27,2,13,-1,2026-02-26 15:00:00
28,3,13,-1,2026-02-26 15:00:00
29,1,13,-1,2026-02-26 15:00:00
30,2,13,-1,2026-02-26 15:00:00
31,3,13,-1,2026-02-26 15:00:00
32,1,13,-1,2026-02-26 15:00:00
33,2,13,-1,2026-02-26 15:00:00
34,1,13,-2,2026-02-26 16:25:00
35,2,13,-2,2026-02-26 16:25:00
36,3,13,-2,2026-02-26 16:25:00
37,4,13,-4,2026-02-26 16:25:00
38,1,14,-1,2026-02-26 18:01:00
39,2,14,-1,2026-02-26 18:01:00
40,3,14,-1,2026-02-26 18:01:00
41,4,14,-2,2026-02-26 18:01:00
42,1,14,-1,2026-02-26 18:01:00
43,2,14,-1,2026-02-26 18:01:00
44,7,14,-1,2026-02-26 18:01:00
45,8,14,-2,2026-02-26 18:01:00
46,6,14,-1,2026-02-26 18:01:00
47,1,13,-2,2026-02-26 12:48:00
48,2,13,-2,2026-02-26 12:48:00
49,7,13,-2,2026-02-26 12:48:00
50,8,13,-4,2026-02-26 12:48:00
51,6,13,-2,2026-02-26 12:48:00
52,1,13,-1,2026-02-26 12:48:00
53,2,13,-1,2026-02-26 12:48:00
54,3,13,-1,2026-02-26 12:48:00
55,4,13,-2,2026-02-26 12:48:00
56,1,13,-1,2026-02-26 12:48:00
57,2,13,-1,2026-02-26 12:48:00
58,3,13,-1,2026-02-26 12:48:00
59,5,13,-2,2026-02-26 12:48:00
60,6,13,-2,2026-02-26 12:48:00
61,1,13,-2,2026-02-26 16:42:00
62,2,13,-2,2026-02-26 16:42:00
63,7,13,-2,2026-02-26 16:42:00
64,8,13,-4,2026-02-26 16:42:00
65,6,13,-2,2026-02-26 16:42:00
66,1,14,-1,2026-02-26 17:01:00
67,2,14,-1,2026-02-26 17:01:00
68,3,14,-1,2026-02-26 17:01:00
69,1,14,-1,2026-02-26 17:01:00
70,2,14,-1,2026-02-26 17:01:00
71,7,14,-1,2026-02-26 17:01:00
72,8,14,-2,2026-02-26 17:01:00
73,6,14,-1,2026-02-26 17:01:00
74,1,12,-1,2026-02-26 09:00:00
75,2,12,-1,2026-02-26 09:00:00
76,1,12,-1,2026-02-26 09:00:00
77,2,12,-1,2026-02-26 09:00:00
78,7,12,-1,2026-02-26 09:00:00
79,8,12,-2,2026-02-26 09:00:00
80,6,12,-1,2026-02-26 09:00:00
81,1,12,-1,2026-02-26 09:00:00
82,2,12,-1,2026-02-26 09:00:00
83,3,12,-1,2026-02-26 09:00:00
84,4,12,-2,2026-02-26 09:00:00
85,1,26,200,2026-02-27 08:00:00
86,2,26,200,2026-02-27 08:00:00
87,3,26,200,2026-02-27 08:00:00
88,4,26,200,2026-02-27 08:00:00
89,5,26,200,2026-02-27 08:00:00
90,6,26,200,2026-02-27 08:00:00
91,7,26,200,2026-02-27 08:00:00
92,8,26,200,2026-02-27 08:00:00
93,1,26,-2,2026-02-27 10:34:00
94,2,26,-2,2026-02-27 10:34:00
95,7,26,-2,2026-02-27 10:34:00
96,8,26,-4,2026-02-27 10:34:00
97,6,26,-2,2026-02-27 10:34:00
98,1,26,-2,2026-02-27 10:34:00
99,2,26,-2,2026-02-27 10:34:00
100,3,26,-2,2026-02-27 10:34:00
101,5,26,-4,2026-02-27 10:34:00
102,6,26,-4,2026-02-27 10:34:00
103,1,26,-1,2026-02-27 10:34:00
104,2,26,-1,2026-02-27 10:34:00
105,3,26,-1,2026-02-27 10:34:00
106,5,26,-2,2026-02-27 10:34:00
107,6,26,-2,2026-02-27 10:34:00
108,1,27,-1,2026-02-27 13:24:00
109,2,27,-1,2026-02-27 13:24:00
110,7,27,-1,2026-02-27 13:24:00
111,8,27,-2,2026-02-27 13:24:00
112,6,27,-1,2026-02-27 13:24:00
113,1,27,-2,2026-02-27 13:24:00
114,2,27,-2,2026-02-27 13:24:00
115,3,27,-2,2026-02-27 13:24:00
116,1,27,-2,2026-02-27 15:35:00
117,2,27,-2,2026-02-27 15:35:00
118,3,27,-2,2026-02-27 15:35:00
119,4,27,-4,2026-02-27 15:35:00
120,1,27,-2,2026-02-27 15:35:00
121,2,27,-2,2026-02-27 15:35:00
122,7,27,-2,2026-02-27 15:35:00
123,8,27,-4,2026-02-27 15:35:00
124,6,27,-2,2026-02-27 15:35:00
125,1,26,-1,2026-02-27 10:07:00
126,2,26,-1,2026-02-27 10:07:00
127,1,26,-1,2026-02-27 10:07:00
128,2,26,-1,2026-02-27 10:07:00
129,3,26,-1,2026-02-27 10:07:00
130,4,26,-2,2026-02-27 10:07:00
131,1,27,-2,2026-02-27 15:07:00
132,2,27,-2,2026-02-27 15:07:00
133,3,27,-2,2026-02-27 15:07:00
134,5,27,-4,2026-02-27 15:07:00
135,6,27,-4,2026-02-27 15:07:00
136,1,27,-1,2026-02-27 15:07:00
137,2,27,-1,2026-02-27 15:07:00
138,3,27,-1,2026-02-27 15:07:00
139,1,28,-1,2026-02-27 19:47:00
140,2,28,-1,2026-02-27 19:47:00
141,3,28,-1,2026-02-27 19:47:00
142,4,28,-2,2026-02-27 19:47:00
143,1,28,-2,2026-02-27 19:47:00
144,2,28,-2,2026-02-27 19:47:00
145,3,28,-2,2026-02-27 19:47:00
146,4,28,-4,2026-02-27 19:47:00
147,1,28,-2,2026-02-27 19:47:00
148,2,28,-2,2026-02-27 19:47:00
149,7,28,-2,2026-02-27 19:47:00
150,8,28,-4,2026-02-27 19:47:00
151,6,28,-2,2026-02-27 19:47:00
152,1,27,-2,2026-02-27 13:55:00
153,2,27,-2,2026-02-27 13:55:00
154,3,27,-2,2026-02-27 13:55:00
155,5,27,-4,2026-02-27 13:55:00
156,6,27,-4,2026-02-27 13:55:00
157,1,28,-1,2026-02-27 19:31:00
158,2,28,-1,2026-02-27 19:31:00
159,3,28,-1,2026-02-27 19:31:00
160,4,28,-2,2026-02-27 19:31:00
161,1,28,-2,2026-02-27 19:31:00
162,2,28,-2,2026-02-27 19:31:00
163,3,28,-2,2026-02-27 19:31:00
164,1,27,-1,2026-02-27 15:53:00
165,2,27,-1,2026-02-27 15:53:00
166,1,26,-2,2026-02-27 08:34:00
167,2,26,-2,2026-02-27 08:34:00
168,1,26,-1,2026-02-27 08:34:00
169,2,26,-1,2026-02-27 08:34:00
170,3,26,-1,2026-02-27 08:34:00
171,1,40,200,2026-02-28 08:00:00
172,2,40,200,2026-02-28 08:00:00
173,3,40,200,2026-02-28 08:00:00
174,4,40,200,2026-02-28 08:00:00
175,5,40,200,2026-02-28 08:00:00
176,6,40,200,2026-02-28 08:00:00
177,7,40,200,2026-02-28 08:00:00
178,8,40,200,2026-02-28 08:00:00
179,1,42,-2,2026-02-28 17:18:00
180,2,42,-2,2026-02-28 17:18:00
181,3,42,-2,2026-02-28 17:18:00
182,4,42,-4,2026-02-28 17:18:00
183,1,42,-2,2026-02-28 17:18:00
184,2,42,-2,2026-02-28 17:18:00
185,3,42,-2,2026-02-28 17:18:00
186,4,42,-4,2026-02-28 17:18:00
187,1,40,-1,2026-02-28 10:14:00
188,2,40,-1,2026-02-28 10:14:00
189,3,40,-1,2026-02-28 10:14:00
190,5,40,-2,2026-02-28 10:14:00
191,6,40,-2,2026-02-28 10:14:00
192,1,41,-2,2026-02-28 16:57:00
193,2,41,-2,2026-02-28 16:57:00
194,1,41,-1,2026-02-28 16:57:00
195,2,41,-1,2026-02-28 16:57:00
196,3,41,-1,2026-02-28 16:57:00
197,1,41,-1,2026-02-28 13:44:00
198,2,41,-1,2026-02-28 13:44:00
199,3,41,-1,2026-02-28 13:44:00
200,5,41,-2,2026-02-28 13:44:00
201,6,41,-2,2026-02-28 13:44:00
202,1,40,-1,2026-02-28 12:09:00
203,2,40,-1,2026-02-28 12:09:00
204,1,40,-1,2026-02-28 12:09:00
205,2,40,-1,2026-02-28 12:09:00
206,1,42,-2,2026-02-28 19:17:00
207,2,42,-2,2026-02-28 19:17:00
208,7,42,-2,2026-02-28 19:17:00
209,8,42,-4,2026-02-28 19:17:00
210,6,42,-2,2026-02-28 19:17:00
211,1,40,-1,2026-02-28 10:20:00
212,2,40,-1,2026-02-28 10:20:00
213,7,40,-1,2026-02-28 10:20:00
214,8,40,-2,2026-02-28 10:20:00
215,6,40,-1,2026-02-28 10:20:00
216,1,40,-1,2026-02-28 10:20:00
217,2,40,-1,2026-02-28 10:20:00
218,3,40,-1,2026-02-28 10:20:00
219,1,41,-2,2026-02-28 13:49:00
220,2,41,-2,2026-02-28 13:49:00
221,3,41,-2,2026-02-28 13:49:00
222,5,41,-4,2026-02-28 13:49:00
223,6,41,-4,2026-02-28 13:49:00
224,1,41,-1,2026-02-28 13:49:00
225,2,41,-1,2026-02-28 13:49:00
226,3,41,-1,2026-02-28 13:49:00
227,4,41,-2,2026-02-28 13:49:00
228,1,40,-2,2026-02-28 08:53:00
229,2,40,-2,2026-02-28 08:53:00
230,7,40,-2,2026-02-28 08:53:00
231,8,40,-4,2026-02-28 08:53:00
232,6,40,-2,2026-02-28 08:53:00
233,1,40,-2,2026-02-28 08:53:00
234,2,40,-2,2026-02-28 08:53:00
235,3,40,-2,2026-02-28 08:53:00
236,1,40,-2,2026-02-28 08:53:00
237,2,40,-2,2026-02-28 08:53:00
238,3,40,-2,2026-02-28 08:53:00
239,1,42,-2,2026-02-28 17:44:00
240,2,42,-2,2026-02-28 17:44:00
241,1,54,200,2026-03-01 08:00:00
242,2,54,200,2026-03-01 08:00:00
243,3,54,200,2026-03-01 08:00:00
244,4,54,200,2026-03-01 08:00:00
245,5,54,200,2026-03-01 08:00:00
246,6,54,200,2026-03-01 08:00:00
247,7,54,200,2026-03-01 08:00:00
248,8,54,200,2026-03-01 08:00:00
249,1,54,-2,2026-03-01 09:46:00
250,2,54,-2,2026-03-01 09:46:00
251,7,54,-2,2026-03-01 09:46:00
252,8,54,-4,2026-03-01 09:46:00
253,6,54,-2,2026-03-01 09:46:00
254,1,54,-1,2026-03-01 09:46:00
255,2,54,-1,2026-03-01 09:46:00
256,7,54,-1,2026-03-01 09:46:00
257,8,54,-2,2026-03-01 09:46:00
258,6,54,-1,2026-03-01 09:46:00
259,1,56,-2,2026-03-01 17:55:00
260,2,56,-2,2026-03-01 17:55:00
261,7,56,-2,2026-03-01 17:55:00
262,8,56,-4,2026-03-01 17:55:00
263,6,56,-2,2026-03-01 17:55:00
264,1,56,-2,2026-03-01 17:55:00
265,2,56,-2,2026-03-01 17:55:00
266,1,56,-1,2026-03-01 17:55:00
267,2,56,-1,2026-03-01 17:55:00
268,1,55,-1,2026-03-01 16:39:00
269,2,55,-1,2026-03-01 16:39:00
270,7,55,-1,2026-03-01 16:39:00
271,8,55,-2,2026-03-01 16:39:00
272,6,55,-1,2026-03-01 16:39:00
273,1,55,-2,2026-03-01 16:39:00
274,2,55,-2,2026-03-01 16:39:00
275,7,55,-2,2026-03-01 16:39:00
276,8,55,-4,2026-03-01 16:39:00
277,6,55,-2,2026-03-01 16:39:00
278,1,55,-2,2026-03-01 16:39:00
279,2,55,-2,2026-03-01 16:39:00
280,7,55,-2,2026-03-01 16:39:00
281,8,55,-4,2026-03-01 16:39:00
282,6,55,-2,2026-03-01 16:39:00
283,1,56,-1,2026-03-01 20:43:00
284,2,56,-1,2026-03-01 20:43:00
285,3,56,-1,2026-03-01 20:43:00
286,5,56,-2,2026-03-01 20:43:00
287,6,56,-2,2026-03-01 20:43:00
288,1,56,-1,2026-03-01 20:43:00
289,2,56,-1,2026-03-01 20:43:00
290,3,56,-1,2026-03-01 20:43:00
291,5,56,-2,2026-03-01 20:43:00
292,6,56,-2,2026-03-01 20:43:00
293,1,56,-1,2026-03-01 20:43:00
294,2,56,-1,2026-03-01 20:43:00
295,3,56,-1,2026-03-01 20:43:00
296,1,55,-1,2026-03-01 15:15:00
297,2,55,-1,2026-03-01 15:15:00
298,7,55,-1,2026-03-01 15:15:00
299,8,55,-2,2026-03-01 15:15:00
300,6,55,-1,2026-03-01 15:15:00
301,1,55,-1,2026-03-01 15:15:00
302,2,55,-1,2026-03-01 15:15:00
303,3,55,-1,2026-03-01 15:15:00
304,5,55,-2,2026-03-01 15:15:00
305,6,55,-2,2026-03-01 15:15:00
306,1,55,-2,2026-03-01 15:15:00
307,2,55,-2,2026-03-01 15:15:00
308,3,55,-2,2026-03-01 15:15:00
309,4,55,-4,2026-03-01 15:15:00
310,1,55,-1,2026-03-01 16:18:00
311,2,55,-1,2026-03-01 16:18:00
312,3,55,-1,2026-03-01 16:18:00
313,4,55,-2,2026-03-01 16:18:00
314,1,55,-2,2026-03-01 16:18:00
315,2,55,-2,2026-03-01 16:18:00
316,3,55,-2,2026-03-01 16:18:00
317,4,55,-4,2026-03-01 16:18:00
318,1,54,-2,2026-03-01 08:31:00
319,2,54,-2,2026-03-01 08:31:00
320,7,54,-2,2026-03-01 08:31:00
321,8,54,-4,2026-03-01 08:31:00
322,6,54,-2,2026-03-01 08:31:00
323,1,54,-2,2026-03-01 08:31:00
324,2,54,-2,2026-03-01 08:31:00
325,1,54,-2,2026-03-01 08:31:00
326,2,54,-2,2026-03-01 08:31:00
327,1,54,-1,2026-03-01 10:37:00
328,2,54,-1,2026-03-01 10:37:00
329,3,54,-1,2026-03-01 10:37:00
330,1,54,-1,2026-03-01 10:37:00
331,2,54,-1,2026-03-01 10:37:00
332,1,54,-2,2026-03-01 11:41:00
333,2,54,-2,2026-03-01 11:41:00
334,3,54,-2,2026-03-01 11:41:00
335,4,54,-4,2026-03-01 11:41:00
336,1,54,-2,2026-03-01 11:41:00
337,2,54,-2,2026-03-01 11:41:00
338,3,54,-2,2026-03-01 11:41:00
339,1,54,-1,2026-03-01 11:41:00
340,2,54,-1,2026-03-01 11:41:00
341,7,54,-1,2026-03-01 11:41:00
342,8,54,-2,2026-03-01 11:41:00
343,6,54,-1,2026-03-01 11:41:00
344,1,55,-1,2026-03-01 14:51:00
345,2,55,-1,2026-03-01 14:51:00
346,3,55,-1,2026-03-01 14:51:00
347,5,55,-2,2026-03-01 14:51:00
348,6,55,-2,2026-03-01 14:51:00
349,1,55,-2,2026-03-01 14:51:00
350,2,55,-2,2026-03-01 14:51:00
351,3,55,-2,2026-03-01 14:51:00
352,1,55,-1,2026-03-01 14:51:00
353,2,55,-1,2026-03-01 14:51:00
354,3,55,-1,2026-03-01 14:51:00
355,1,68,200,2026-03-02 08:00:00
356,2,68,200,2026-03-02 08:00:00
357,3,68,200,2026-03-02 08:00:00
358,4,68,200,2026-03-02 08:00:00
359,5,68,200,2026-03-02 08:00:00
360,6,68,200,2026-03-02 08:00:00
361,7,68,200,2026-03-02 08:00:00
362,8,68,200,2026-03-02 08:00:00
363,1,68,-2,2026-03-02 08:05:00
364,2,68,-2,2026-03-02 08:05:00
365,3,68,-2,2026-03-02 08:05:00
366,1,68,-2,2026-03-02 08:05:00
367,2,68,-2,2026-03-02 08:05:00
368,1,70,-2,2026-03-02 18:20:00
369,2,70,-2,2026-03-02 18:20:00
370,3,70,-2,2026-03-02 18:20:00
371,4,70,-4,2026-03-02 18:20:00
372,1,70,-1,2026-03-02 18:20:00
373,2,70,-1,2026-03-02 18:20:00
374,3,70,-1,2026-03-02 18:20:00
375,1,70,-1,2026-03-02 18:17:00
376,2,70,-1,2026-03-02 18:17:00
377,3,70,-1,2026-03-02 18:17:00
378,4,70,-2,2026-03-02 18:17:00
379,1,70,-2,2026-03-02 18:17:00
380,2,70,-2,2026-03-02 18:17:00
381,7,70,-2,2026-03-02 18:17:00
382,8,70,-4,2026-03-02 18:17:00
383,6,70,-2,2026-03-02 18:17:00
384,1,69,-2,2026-03-02 15:02:00
385,2,69,-2,2026-03-02 15:02:00
386,1,69,-1,2026-03-02 15:02:00
387,2,69,-1,2026-03-02 15:02:00
388,1,68,-1,2026-03-02 12:07:00
389,2,68,-1,2026-03-02 12:07:00
390,1,68,-1,2026-03-02 12:07:00
391,2,68,-1,2026-03-02 12:07:00
392,3,68,-1,2026-03-02 12:07:00
393,4,68,-2,2026-03-02 12:07:00
394,1,69,-1,2026-03-02 14:00:00
395,2,69,-1,2026-03-02 14:00:00
396,7,69,-1,2026-03-02 14:00:00
397,8,69,-2,2026-03-02 14:00:00
398,6,69,-1,2026-03-02 14:00:00
399,1,69,-2,2026-03-02 14:00:00
400,2,69,-2,2026-03-02 14:00:00
401,3,69,-2,2026-03-02 14:00:00
402,1,69,-2,2026-03-02 14:00:00
403,2,69,-2,2026-03-02 14:00:00
404,1,70,-2,2026-03-02 20:46:00
405,2,70,-2,2026-03-02 20:46:00
406,3,70,-2,2026-03-02 20:46:00
407,5,70,-4,2026-03-02 20:46:00
408,6,70,-4,2026-03-02 20:46:00
409,1,70,-1,2026-03-02 20:46:00
410,2,70,-1,2026-03-02 20:46:00
411,1,69,-1,2026-03-02 16:09:00
412,2,69,-1,2026-03-02 16:09:00
413,3,69,-1,2026-03-02 16:09:00
414,1,69,-1,2026-03-02 16:09:00
415,2,69,-1,2026-03-02 16:09:00
416,3,69,-1,2026-03-02 16:09:00
417,1,68,-2,2026-03-02 08:27:00
418,2,68,-2,2026-03-02 08:27:00
419,3,68,-2,2026-03-02 08:27:00
420,4,68,-4,2026-03-02 08:27:00
421,1,69,-2,2026-03-02 14:22:00
422,2,69,-2,2026-03-02 14:22:00
423,3,69,-2,2026-03-02 14:22:00
424,1,69,-2,2026-03-02 14:22:00
425,2,69,-2,2026-03-02 14:22:00
426,3,69,-2,2026-03-02 14:22:00
427,5,69,-4,2026-03-02 14:22:00
428,6,69,-4,2026-03-02 14:22:00
429,1,82,200,2026-03-03 08:00:00
430,2,82,200,2026-03-03 08:00:00
431,3,82,200,2026-03-03 08:00:00
432,4,82,200,2026-03-03 08:00:00
433,5,82,200,2026-03-03 08:00:00
434,6,82,200,2026-03-03 08:00:00
435,7,82,200,2026-03-03 08:00:00
436,8,82,200,2026-03-03 08:00:00
437,1,82,-1,2026-03-03 11:11:00
438,2,82,-1,2026-03-03 11:11:00
439,1,84,-2,2026-03-03 18:38:00
440,2,84,-2,2026-03-03 18:38:00
441,7,84,-2,2026-03-03 18:38:00
442,8,84,-4,2026-03-03 18:38:00
443,6,84,-2,2026-03-03 18:38:00
444,1,82,-2,2026-03-03 10:58:00
445,2,82,-2,2026-03-03 10:58:00
446,1,82,-1,2026-03-03 10:58:00
447,2,82,-1,2026-03-03 10:58:00
448,3,82,-1,2026-03-03 10:58:00
449,5,82,-2,2026-03-03 10:58:00
450,6,82,-2,2026-03-03 10:58:00
451,1,82,-1,2026-03-03 10:58:00
452,2,82,-1,2026-03-03 10:58:00
453,3,82,-1,2026-03-03 10:58:00
454,1,84,-2,2026-03-03 17:31:00
455,2,84,-2,2026-03-03 17:31:00
456,3,84,-2,2026-03-03 17:31:00
457,1,84,-1,2026-03-03 17:31:00
458,2,84,-1,2026-03-03 17:31:00
459,1,84,-2,2026-03-03 17:31:00
460,2,84,-2,2026-03-03 17:31:00
461,3,84,-2,2026-03-03 17:31:00
462,5,84,-4,2026-03-03 17:31:00
463,6,84,-4,2026-03-03 17:31:00
464,1,82,-2,2026-03-03 10:53:00
465,2,82,-2,2026-03-03 10:53:00
466,1,82,-1,2026-03-03 11:29:00
467,2,82,-1,2026-03-03 11:29:00
468,3,82,-1,2026-03-03 11:29:00
469,5,82,-2,2026-03-03 11:29:00
470,6,82,-2,2026-03-03 11:29:00
471,1,82,-2,2026-03-03 11:29:00
472,2,82,-2,2026-03-03 11:29:00
473,1,82,-1,2026-03-03 11:29:00
474,2,82,-1,2026-03-03 11:29:00
475,3,82,-1,2026-03-03 11:29:00
476,4,82,-2,2026-03-03 11:29:00
477,1,82,-1,2026-03-03 08:03:00
478,2,82,-1,2026-03-03 08:03:00
479,7,82,-1,2026-03-03 08:03:00
480,8,82,-2,2026-03-03 08:03:00
481,6,82,-1,2026-03-03 08:03:00
482,1,83,-1,2026-03-03 16:24:00
483,2,83,-1,2026-03-03 16:24:00
484,7,83,-1,2026-03-03 16:24:00
485,8,83,-2,2026-03-03 16:24:00
486,6,83,-1,2026-03-03 16:24:00
487,1,83,-1,2026-03-03 16:24:00
488,2,83,-1,2026-03-03 16:24:00
489,3,83,-1,2026-03-03 16:24:00
490,1,83,-2,2026-03-03 16:24:00
491,2,83,-2,2026-03-03 16:24:00
492,7,83,-2,2026-03-03 16:24:00
493,8,83,-4,2026-03-03 16:24:00
494,6,83,-2,2026-03-03 16:24:00
495,1,83,-2,2026-03-03 16:17:00
496,2,83,-2,2026-03-03 16:17:00
497,3,83,-2,2026-03-03 16:17:00
498,1,83,-2,2026-03-03 16:17:00
499,2,83,-2,2026-03-03 16:17:00
500,3,83,-2,2026-03-03 16:17:00
501,4,83,-4,2026-03-03 16:17:00
502,1,83,-1,2026-03-03 16:17:00
503,2,83,-1,2026-03-03 16:17:00
504,3,83,-1,2026-03-03 16:17:00
505,1,82,-2,2026-03-03 08:26:00
506,2,82,-2,2026-03-03 08:26:00
507,3,82,-2,2026-03-03 08:26:00
508,4,82,-4,2026-03-03 08:26:00
509,1,82,-2,2026-03-03 08:26:00
510,2,82,-2,2026-03-03 08:26:00
511,7,82,-2,2026-03-03 08:26:00
512,8,82,-4,2026-03-03 08:26:00
513,6,82,-2,2026-03-03 08:26:00
514,1,82,-2,2026-03-03 08:26:00
515,2,82,-2,2026-03-03 08:26:00
516,3,82,-2,2026-03-03 08:26:00
517,1,96,200,2026-03-04 08:00:00
518,2,96,200,2026-03-04 08:00:00
519,3,96,200,2026-03-04 08:00:00
520,4,96,200,2026-03-04 08:00:00
521,5,96,200,2026-03-04 08:00:00
522,6,96,200,2026-03-04 08:00:00
523,7,96,200,2026-03-04 08:00:00
524,8,96,200,2026-03-04 08:00:00
525,1,97,-2,2026-03-04 14:06:00
526,2,97,-2,2026-03-04 14:06:00
527,3,97,-2,2026-03-04 14:06:00
528,1,97,-1,2026-03-04 14:06:00
529,2,97,-1,2026-03-04 14:06:00
530,7,97,-1,2026-03-04 14:06:00
531,8,97,-2,2026-03-04 14:06:00
532,6,97,-1,2026-03-04 14:06:00
533,1,96,-1,2026-03-04 09:50:00
534,2,96,-1,2026-03-04 09:50:00
535,7,96,-1,2026-03-04 09:50:00
536,8,96,-2,2026-03-04 09:50:00
537,6,96,-1,2026-03-04 09:50:00
538,1,96,-1,2026-03-04 12:08:00
539,2,96,-1,2026-03-04 12:08:00
540,3,96,-1,2026-03-04 12:08:00
541,5,96,-2,2026-03-04 12:08:00
542,6,96,-2,2026-03-04 12:08:00
543,1,98,-1,2026-03-04 17:48:00
544,2,98,-1,2026-03-04 17:48:00
545,7,98,-1,2026-03-04 17:48:00
546,8,98,-2,2026-03-04 17:48:00
547,6,98,-1,2026-03-04 17:48:00
548,1,97,-2,2026-03-04 13:14:00
549,2,97,-2,2026-03-04 13:14:00
550,3,97,-2,2026-03-04 13:14:00
551,5,97,-4,2026-03-04 13:14:00
552,6,97,-4,2026-03-04 13:14:00
553,1,97,-2,2026-03-04 13:10:00
554,2,97,-2,2026-03-04 13:10:00
555,7,97,-2,2026-03-04 13:10:00
556,8,97,-4,2026-03-04 13:10:00
557,6,97,-2,2026-03-04 13:10:00
558,1,96,-1,2026-03-04 11:14:00
559,2,96,-1,2026-03-04 11:14:00
560,3,96,-1,2026-03-04 11:14:00
561,5,96,-2,2026-03-04 11:14:00
562,6,96,-2,2026-03-04 11:14:00
563,1,98,-1,2026-03-04 18:08:00
564,2,98,-1,2026-03-04 18:08:00
565,1,98,-2,2026-03-04 18:08:00
566,2,98,-2,2026-03-04 18:08:00
567,7,98,-2,2026-03-04 18:08:00
568,8,98,-4,2026-03-04 18:08:00
569,6,98,-2,2026-03-04 18:08:00
570,1,98,-2,2026-03-04 18:08:00
571,2,98,-2,2026-03-04 18:08:00
572,3,98,-2,2026-03-04 18:08:00
573,1,96,-1,2026-03-04 09:48:00
574,2,96,-1,2026-03-04 09:48:00
575,3,96,-1,2026-03-04 09:48:00
576,4,96,-2,2026-03-04 09:48:00
577,1,96,-1,2026-03-04 09:48:00
578,2,96,-1,2026-03-04 09:48:00
579,7,96,-1,2026-03-04 09:48:00
580,8,96,-2,2026-03-04 09:48:00
581,6,96,-1,2026-03-04 09:48:00
582,1,98,-1,2026-03-04 19:07:00
583,2,98,-1,2026-03-04 19:07:00
584,3,98,-1,2026-03-04 19:07:00
585,1,98,-2,2026-03-04 19:07:00
586,2,98,-2,2026-03-04 19:07:00
587,3,98,-2,2026-03-04 19:07:00
588,4,98,-4,2026-03-04 19:07:00
589,1,98,-2,2026-03-04 19:07:00
590,2,98,-2,2026-03-04 19:07:00
591,1,110,200,2026-03-05 08:00:00
592,2,110,200,2026-03-05 08:00:00
593,3,110,200,2026-03-05 08:00:00
594,4,110,200,2026-03-05 08:00:00
595,5,110,200,2026-03-05 08:00:00
596,6,110,200,2026-03-05 08:00:00
597,7,110,200,2026-03-05 08:00:00
598,8,110,200,2026-03-05 08:00:00
599,1,112,-1,2026-03-05 18:57:00
600,2,112,-1,2026-03-05 18:57:00
601,7,112,-1,2026-03-05 18:57:00
602,8,112,-2,2026-03-05 18:57:00
603,6,112,-1,2026-03-05 18:57:00
604,1,112,-2,2026-03-05 17:04:00
605,2,112,-2,2026-03-05 17:04:00
606,3,112,-2,2026-03-05 17:04:00
607,5,112,-4,2026-03-05 17:04:00
608,6,112,-4,2026-03-05 17:04:00
609,1,112,-1,2026-03-05 17:04:00
610,2,112,-1,2026-03-05 17:04:00
611,3,112,-1,2026-03-05 17:04:00
612,4,112,-2,2026-03-05 17:04:00
613,1,112,-1,2026-03-05 17:04:00
614,2,112,-1,2026-03-05 17:04:00
615,3,112,-1,2026-03-05 17:04:00
616,4,112,-2,2026-03-05 17:04:00
617,1,112,-2,2026-03-05 20:39:00
618,2,112,-2,2026-03-05 20:39:00
619,3,112,-2,2026-03-05 20:39:00
620,1,112,-1,2026-03-05 20:39:00
621,2,112,-1,2026-03-05 20:39:00
622,7,112,-1,2026-03-05 20:39:00
623,8,112,-2,2026-03-05 20:39:00
624,6,112,-1,2026-03-05 20:39:00
625,1,110,-2,2026-03-05 11:45:00
626,2,110,-2,2026-03-05 11:45:00
627,3,110,-2,2026-03-05 11:45:00
628,1,110,-2,2026-03-05 09:38:00
629,2,110,-2,2026-03-05 09:38:00
630,3,110,-2,2026-03-05 09:38:00
631,4,110,-4,2026-03-05 09:38:00
632,1,110,-2,2026-03-05 09:38:00
633,2,110,-2,2026-03-05 09:38:00
634,3,110,-2,2026-03-05 09:38:00
635,1,111,-2,2026-03-05 15:12:00
636,2,111,-2,2026-03-05 15:12:00
637,3,111,-2,2026-03-05 15:12:00
638,1,111,-2,2026-03-05 15:12:00
639,2,111,-2,2026-03-05 15:12:00
640,3,111,-2,2026-03-05 15:12:00
641,1,110,-1,2026-03-05 08:10:00
642,2,110,-1,2026-03-05 08:10:00
643,3,110,-1,2026-03-05 08:10:00
644,5,110,-2,2026-03-05 08:10:00
645,6,110,-2,2026-03-05 08:10:00
646,1,111,-2,2026-03-05 14:17:00
647,2,111,-2,2026-03-05 14:17:00
648,3,111,-2,2026-03-05 14:17:00
649,5,111,-4,2026-03-05 14:17:00
650,6,111,-4,2026-03-05 14:17:00
651,1,111,-2,2026-03-05 14:17:00
652,2,111,-2,2026-03-05 14:17:00
653,7,111,-2,2026-03-05 14:17:00
654,8,111,-4,2026-03-05 14:17:00
655,6,111,-2,2026-03-05 14:17:00
656,1,111,-2,2026-03-05 14:17:00
657,2,111,-2,2026-03-05 14:17:00
658,3,111,-2,2026-03-05 14:17:00
659,4,111,-4,2026-03-05 14:17:00
660,1,111,-2,2026-03-05 14:45:00
661,2,111,-2,2026-03-05 14:45:00
662,1,111,-1,2026-03-05 14:45:00
663,2,111,-1,2026-03-05 14:45:00
664,7,111,-1,2026-03-05 14:45:00
665,8,111,-2,2026-03-05 14:45:00
666,6,111,-1,2026-03-05 14:45:00
667,1,111,-1,2026-03-05 14:45:00
668,2,111,-1,2026-03-05 14:45:00
669,1,112,-2,2026-03-05 18:33:00
670,2,112,-2,2026-03-05 18:33:00
671,7,112,-2,2026-03-05 18:33:00
672,8,112,-4,2026-03-05 18:33:00
673,6,112,-2,2026-03-05 18:33:00
674,1,124,200,2026-03-06 08:00:00
675,2,124,200,2026-03-06 08:00:00
676,3,124,200,2026-03-06 08:00:00
677,4,124,200,2026-03-06 08:00:00
678,5,124,200,2026-03-06 08:00:00
679,6,124,200,2026-03-06 08:00:00
680,7,124,200,2026-03-06 08:00:00
681,8,124,200,2026-03-06 08:00:00
682,1,126,-1,2026-03-06 19:56:00
683,2,126,-1,2026-03-06 19:56:00
684,3,126,-1,2026-03-06 19:56:00
685,5,126,-2,2026-03-06 19:56:00
686,6,126,-2,2026-03-06 19:56:00
687,1,124,-2,2026-03-06 11:17:00
688,2,124,-2,2026-03-06 11:17:00
689,7,124,-2,2026-03-06 11:17:00
690,8,124,-4,2026-03-06 11:17:00
691,6,124,-2,2026-03-06 11:17:00
692,1,124,-1,2026-03-06 11:17:00
693,2,124,-1,2026-03-06 11:17:00
694,3,124,-1,2026-03-06 11:17:00
695,5,124,-2,2026-03-06 11:17:00
696,6,124,-2,2026-03-06 11:17:00
697,1,124,-2,2026-03-06 11:17:00
698,2,124,-2,2026-03-06 11:17:00
699,3,124,-2,2026-03-06 11:17:00
700,1,125,-2,2026-03-06 15:58:00
701,2,125,-2,2026-03-06 15:58:00
702,1,125,-2,2026-03-06 15:58:00
703,2,125,-2,2026-03-06 15:58:00
704,3,125,-2,2026-03-06 15:58:00
705,1,125,-1,2026-03-06 15:58:00
706,2,125,-1,2026-03-06 15:58:00
707,3,125,-1,2026-03-06 15:58:00
708,5,125,-2,2026-03-06 15:58:00
709,6,125,-2,2026-03-06 15:58:00
710,1,124,-1,2026-03-06 10:35:00
711,2,124,-1,2026-03-06 10:35:00
712,3,124,-1,2026-03-06 10:35:00
713,4,124,-2,2026-03-06 10:35:00
714,1,124,-1,2026-03-06 10:35:00
715,2,124,-1,2026-03-06 10:35:00
716,1,124,-2,2026-03-06 08:01:00
717,2,124,-2,2026-03-06 08:01:00
718,3,124,-2,2026-03-06 08:01:00
719,1,126,-1,2026-03-06 20:17:00
720,2,126,-1,2026-03-06 20:17:00
721,7,126,-1,2026-03-06 20:17:00
722,8,126,-2,2026-03-06 20:17:00
723,6,126,-1,2026-03-06 20:17:00
724,1,126,-2,2026-03-06 20:17:00
725,2,126,-2,2026-03-06 20:17:00
726,3,126,-2,2026-03-06 20:17:00
727,4,126,-4,2026-03-06 20:17:00
728,1,126,-1,2026-03-06 20:17:00
729,2,126,-1,2026-03-06 20:17:00
730,1,124,-1,2026-03-06 11:12:00
731,2,124,-1,2026-03-06 11:12:00
732,7,124,-1,2026-03-06 11:12:00
733,8,124,-2,2026-03-06 11:12:00
734,6,124,-1,2026-03-06 11:12:00
735,1,125,-2,2026-03-06 15:48:00
736,2,125,-2,2026-03-06 15:48:00
737,3,125,-2,2026-03-06 15:48:00
738,4,125,-4,2026-03-06 15:48:00
739,1,125,-2,2026-03-06 15:48:00
740,2,125,-2,2026-03-06 15:48:00
741,3,125,-2,2026-03-06 15:48:00
742,4,125,-4,2026-03-06 15:48:00
743,1,124,-1,2026-03-06 08:07:00
744,2,124,-1,2026-03-06 08:07:00
745,3,124,-1,2026-03-06 08:07:00
746,4,124,-2,2026-03-06 08:07:00
747,1,124,-2,2026-03-06 08:07:00
748,2,124,-2,2026-03-06 08:07:00
749,7,124,-2,2026-03-06 08:07:00
750,8,124,-4,2026-03-06 08:07:00
751,6,124,-2,2026-03-06 08:07:00
752,1,124,-1,2026-03-06 08:07:00
753,2,124,-1,2026-03-06 08:07:00
754,1,126,-2,2026-03-06 20:31:00
755,2,126,-2,2026-03-06 20:31:00
756,7,126,-2,2026-03-06 20:31:00
757,8,126,-4,2026-03-06 20:31:00
758,6,126,-2,2026-03-06 20:31:00
759,1,126,-1,2026-03-06 20:31:00
760,2,126,-1,2026-03-06 20:31:00
761,3,126,-1,2026-03-06 20:31:00
762,4,126,-2,2026-03-06 20:31:00
763,1,138,200,2026-03-07 08:00:00
764,2,138,200,2026-03-07 08:00:00
765,3,138,200,2026-03-07 08:00:00
766,4,138,200,2026-03-07 08:00:00
767,5,138,200,2026-03-07 08:00:00
768,6,138,200,2026-03-07 08:00:00
769,7,138,200,2026-03-07 08:00:00
770,8,138,200,2026-03-07 08:00:00
771,1,139,-2,2026-03-07 15:14:00
772,2,139,-2,2026-03-07 15:14:00
773,1,139,-2,2026-03-07 15:14:00
774,2,139,-2,2026-03-07 15:14:00
775,3,139,-2,2026-03-07 15:14:00
776,1,138,-1,2026-03-07 09:38:00
777,2,138,-1,2026-03-07 09:38:00
778,1,138,-2,2026-03-07 09:38:00
779,2,138,-2,2026-03-07 09:38:00
780,3,138,-2,2026-03-07 09:38:00
781,1,138,-1,2026-03-07 09:38:00
782,2,138,-1,2026-03-07 09:38:00
783,3,138,-1,2026-03-07 09:38:00
784,1,139,-1,2026-03-07 14:16:00
785,2,139,-1,2026-03-07 14:16:00
786,3,139,-1,2026-03-07 14:16:00
787,4,139,-2,2026-03-07 14:16:00
788,1,139,-1,2026-03-07 14:16:00
789,2,139,-1,2026-03-07 14:16:00
790,3,139,-1,2026-03-07 14:16:00
791,5,139,-2,2026-03-07 14:16:00
792,6,139,-2,2026-03-07 14:16:00
793,1,140,-2,2026-03-07 19:59:00
794,2,140,-2,2026-03-07 19:59:00
795,7,140,-2,2026-03-07 19:59:00
796,8,140,-4,2026-03-07 19:59:00
797,6,140,-2,2026-03-07 19:59:00
798,1,140,-2,2026-03-07 19:59:00
799,2,140,-2,2026-03-07 19:59:00
800,3,140,-2,2026-03-07 19:59:00
801,1,138,-2,2026-03-07 08:42:00
802,2,138,-2,2026-03-07 08:42:00
803,3,138,-2,2026-03-07 08:42:00
804,4,138,-4,2026-03-07 08:42:00
805,1,138,-1,2026-03-07 08:42:00
806,2,138,-1,2026-03-07 08:42:00
807,3,138,-1,2026-03-07 08:42:00
808,4,138,-2,2026-03-07 08:42:00
809,1,138,-2,2026-03-07 12:02:00
810,2,138,-2,2026-03-07 12:02:00
811,3,138,-2,2026-03-07 12:02:00
812,5,138,-4,2026-03-07 12:02:00
813,6,138,-4,2026-03-07 12:02:00
814,1,138,-1,2026-03-07 12:02:00
815,2,138,-1,2026-03-07 12:02:00
816,3,138,-1,2026-03-07 12:02:00
817,5,138,-2,2026-03-07 12:02:00
818,6,138,-2,2026-03-07 12:02:00
819,1,138,-1,2026-03-07 12:02:00
820,2,138,-1,2026-03-07 12:02:00
821,1,140,-2,2026-03-07 18:15:00
822,2,140,-2,2026-03-07 18:15:00
823,7,140,-2,2026-03-07 18:15:00
824,8,140,-4,2026-03-07 18:15:00
825,6,140,-2,2026-03-07 18:15:00
826,1,140,-2,2026-03-07 18:15:00
827,2,140,-2,2026-03-07 18:15:00
828,3,140,-2,2026-03-07 18:15:00
829,1,140,-2,2026-03-07 18:15:00
830,2,140,-2,2026-03-07 18:15:00
831,7,140,-2,2026-03-07 18:15:00
832,8,140,-4,2026-03-07 18:15:00
833,6,140,-2,2026-03-07 18:15:00
834,1,140,-1,2026-03-07 20:18:00
835,2,140,-1,2026-03-07 20:18:00
836,1,140,-1,2026-03-07 20:18:00
837,2,140,-1,2026-03-07 20:18:00
838,3,140,-1,2026-03-07 20:18:00
839,1,138,-1,2026-03-07 10:30:00
840,2,138,-1,2026-03-07 10:30:00
841,3,138,-1,2026-03-07 10:30:00
842,1,138,-1,2026-03-07 12:15:00
843,2,138,-1,2026-03-07 12:15:00
844,1,138,-1,2026-03-07 12:15:00
845,2,138,-1,2026-03-07 12:15:00
846,3,138,-1,2026-03-07 12:15:00
847,5,138,-2,2026-03-07 12:15:00
848,6,138,-2,2026-03-07 12:15:00
849,1,152,200,2026-03-08 08:00:00
850,2,152,200,2026-03-08 08:00:00
851,3,152,200,2026-03-08 08:00:00
852,4,152,200,2026-03-08 08:00:00
853,5,152,200,2026-03-08 08:00:00
854,6,152,200,2026-03-08 08:00:00
855,7,152,200,2026-03-08 08:00:00
856,8,152,200,2026-03-08 08:00:00
857,1,154,-1,2026-03-08 18:18:00
858,2,154,-1,2026-03-08 18:18:00
859,3,154,-1,2026-03-08 18:18:00
860,4,154,-2,2026-03-08 18:18:00
861,1,154,-1,2026-03-08 18:18:00
862,2,154,-1,2026-03-08 18:18:00
863,3,154,-1,2026-03-08 18:18:00
864,4,154,-2,2026-03-08 18:18:00
865,1,154,-1,2026-03-08 18:18:00
866,2,154,-1,2026-03-08 18:18:00
867,3,154,-1,2026-03-08 18:18:00
868,4,154,-2,2026-03-08 18:18:00
869,1,153,-2,2026-03-08 16:56:00
870,2,153,-2,2026-03-08 16:56:00
871,3,153,-2,2026-03-08 16:56:00
872,1,153,-2,2026-03-08 16:56:00
873,2,153,-2,2026-03-08 16:56:00
874,7,153,-2,2026-03-08 16:56:00
875,8,153,-4,2026-03-08 16:56:00
876,6,153,-2,2026-03-08 16:56:00
877,1,153,-1,2026-03-08 16:56:00
878,2,153,-1,2026-03-08 16:56:00
879,7,153,-1,2026-03-08 16:56:00
880,8,153,-2,2026-03-08 16:56:00
881,6,153,-1,2026-03-08 16:56:00
882,1,153,-1,2026-03-08 15:21:00
883,2,153,-1,2026-03-08 15:21:00
884,3,153,-1,2026-03-08 15:21:00
885,4,153,-2,2026-03-08 15:21:00
886,1,153,-1,2026-03-08 15:21:00
887,2,153,-1,2026-03-08 15:21:00
888,3,153,-1,2026-03-08 15:21:00
889,1,153,-2,2026-03-08 14:21:00
890,2,153,-2,2026-03-08 14:21:00
891,1,153,-1,2026-03-08 14:21:00
892,2,153,-1,2026-03-08 14:21:00
893,3,153,-1,2026-03-08 14:21:00
894,1,154,-1,2026-03-08 18:44:00
895,2,154,-1,2026-03-08 18:44:00
896,3,154,-1,2026-03-08 18:44:00
897,1,154,-2,2026-03-08 18:44:00
898,2,154,-2,2026-03-08 18:44:00
899,7,154,-2,2026-03-08 18:44:00
900,8,154,-4,2026-03-08 18:44:00
901,6,154,-2,2026-03-08 18:44:00
902,1,154,-2,2026-03-08 18:44:00
903,2,154,-2,2026-03-08 18:44:00
904,3,154,-2,2026-03-08 18:44:00
905,4,154,-4,2026-03-08 18:44:00
906,1,152,-1,2026-03-08 10:51:00
907,2,152,-1,2026-03-08 10:51:00
908,1,152,-2,2026-03-08 10:51:00
909,2,152,-2,2026-03-08 10:51:00
910,3,152,-2,2026-03-08 10:51:00
911,1,154,-2,2026-03-08 20:44:00
912,2,154,-2,2026-03-08 20:44:00
913,3,154,-2,2026-03-08 20:44:00
914,5,154,-4,2026-03-08 20:44:00
915,6,154,-4,2026-03-08 20:44:00
916,1,154,-2,2026-03-08 20:44:00
917,2,154,-2,2026-03-08 20:44:00
918,3,154,-2,2026-03-08 20:44:00
919,1,152,-2,2026-03-08 10:04:00
920,2,152,-2,2026-03-08 10:04:00
921,1,152,-1,2026-03-08 10:04:00
922,2,152,-1,2026-03-08 10:04:00
923,1,152,-2,2026-03-08 10:04:00
924,2,152,-2,2026-03-08 10:04:00
925,3,152,-2,2026-03-08 10:04:00
926,1,154,-1,2026-03-08 17:27:00
927,2,154,-1,2026-03-08 17:27:00
928,3,154,-1,2026-03-08 17:27:00
929,4,154,-2,2026-03-08 17:27:00
930,1,154,-1,2026-03-08 17:27:00
931,2,154,-1,2026-03-08 17:27:00
932,3,154,-1,2026-03-08 17:27:00
933,4,154,-2,2026-03-08 17:27:00
934,1,154,-2,2026-03-08 17:27:00
935,2,154,-2,2026-03-08 17:27:00
936,7,154,-2,2026-03-08 17:27:00
937,8,154,-4,2026-03-08 17:27:00
938,6,154,-2,2026-03-08 17:27:00
939,1,153,-1,2026-03-08 14:24:00
940,2,153,-1,2026-03-08 14:24:00
941,3,153,-1,2026-03-08 14:24:00
942,1,153,-2,2026-03-08 14:24:00
943,2,153,-2,2026-03-08 14:24:00
944,1,166,200,2026-03-09 08:00:00
945,2,166,200,2026-03-09 08:00:00
946,3,166,200,2026-03-09 08:00:00
947,4,166,200,2026-03-09 08:00:00
948,5,166,200,2026-03-09 08:00:00
949,6,166,200,2026-03-09 08:00:00
950,7,166,200,2026-03-09 08:00:00
951,8,166,200,2026-03-09 08:00:00
952,1,166,-1,2026-03-09 12:14:00
953,2,166,-1,2026-03-09 12:14:00
954,3,166,-1,2026-03-09 12:14:00
955,4,166,-2,2026-03-09 12:14:00
956,1,166,-2,2026-03-09 12:14:00
957,2,166,-2,2026-03-09 12:14:00
958,3,166,-2,2026-03-09 12:14:00
959,4,166,-4,2026-03-09 12:14:00
960,1,167,-1,2026-03-09 13:33:00
961,2,167,-1,2026-03-09 13:33:00
962,3,167,-1,2026-03-09 13:33:00
963,4,167,-2,2026-03-09 13:33:00
964,1,167,-1,2026-03-09 13:33:00
965,2,167,-1,2026-03-09 13:33:00
966,3,167,-1,2026-03-09 13:33:00
967,1,167,-1,2026-03-09 13:33:00
968,2,167,-1,2026-03-09 13:33:00
969,3,167,-1,2026-03-09 13:33:00
970,5,167,-2,2026-03-09 13:33:00
971,6,167,-2,2026-03-09 13:33:00
972,1,167,-2,2026-03-09 14:12:00
973,2,167,-2,2026-03-09 14:12:00
974,3,167,-2,2026-03-09 14:12:00
975,5,167,-4,2026-03-09 14:12:00
976,6,167,-4,2026-03-09 14:12:00
977,1,166,-2,2026-03-09 12:23:00
978,2,166,-2,2026-03-09 12:23:00
979,3,166,-2,2026-03-09 12:23:00
980,1,166,-2,2026-03-09 12:23:00
981,2,166,-2,2026-03-09 12:23:00
982,1,166,-1,2026-03-09 12:19:00
983,2,166,-1,2026-03-09 12:19:00
984,1,166,-1,2026-03-09 11:41:00
985,2,166,-1,2026-03-09 11:41:00
986,3,166,-1,2026-03-09 11:41:00
987,4,166,-2,2026-03-09 11:41:00
988,1,166,-2,2026-03-09 11:41:00
989,2,166,-2,2026-03-09 11:41:00
990,3,166,-2,2026-03-09 11:41:00
991,5,166,-4,2026-03-09 11:41:00
992,6,166,-4,2026-03-09 11:41:00
993,1,166,-1,2026-03-09 11:41:00
994,2,166,-1,2026-03-09 11:41:00
995,3,166,-1,2026-03-09 11:41:00
996,5,166,-2,2026-03-09 11:41:00
997,6,166,-2,2026-03-09 11:41:00
998,1,167,-1,2026-03-09 15:13:00
999,2,167,-1,2026-03-09 15:13:00
1000,3,167,-1,2026-03-09 15:13:00
1001,1,167,-1,2026-03-09 15:13:00
1002,2,167,-1,2026-03-09 15:13:00
1003,3,167,-1,2026-03-09 15:13:00
1004,1,168,-1,2026-03-09 20:13:00
1005,2,168,-1,2026-03-09 20:13:00
1006,1,168,-2,2026-03-09 20:13:00
1007,2,168,-2,2026-03-09 20:13:00
1008,1,167,-2,2026-03-09 16:37:00
1009,2,167,-2,2026-03-09 16:37:00
1010,3,167,-2,2026-03-09 16:37:00
1011,4,167,-4,2026-03-09 16:37:00
1012,1,166,-1,2026-03-09 11:42:00
1013,2,166,-1,2026-03-09 11:42:00
1014,3,166,-1,2026-03-09 11:42:00
1015,5,166,-2,2026-03-09 11:42:00
1016,6,166,-2,2026-03-09 11:42:00
1017,1,166,-2,2026-03-09 11:42:00
1018,2,166,-2,2026-03-09 11:42:00
1019,3,166,-2,2026-03-09 11:42:00
1020,1,180,200,2026-03-10 08:00:00
1021,2,180,200,2026-03-10 08:00:00
1022,3,180,200,2026-03-10 08:00:00
1023,4,180,200,2026-03-10 08:00:00
1024,5,180,200,2026-03-10 08:00:00
1025,6,180,200,2026-03-10 08:00:00
1026,7,180,200,2026-03-10 08:00:00
1027,8,180,200,2026-03-10 08:00:00
1028,1,182,-2,2026-03-10 20:48:00
1029,2,182,-2,2026-03-10 20:48:00
1030,7,182,-2,2026-03-10 20:48:00
1031,8,182,-4,2026-03-10 20:48:00
1032,6,182,-2,2026-03-10 20:48:00
1033,1,182,-1,2026-03-10 20:48:00
1034,2,182,-1,2026-03-10 20:48:00
1035,1,182,-1,2026-03-10 20:48:00
1036,2,182,-1,2026-03-10 20:48:00
1037,3,182,-1,2026-03-10 20:48:00
1038,5,182,-2,2026-03-10 20:48:00
1039,6,182,-2,2026-03-10 20:48:00
1040,1,181,-2,2026-03-10 13:35:00
1041,2,181,-2,2026-03-10 13:35:00
1042,3,181,-2,2026-03-10 13:35:00
1043,4,181,-4,2026-03-10 13:35:00
1044,1,180,-2,2026-03-10 08:20:00
1045,2,180,-2,2026-03-10 08:20:00
1046,3,180,-2,2026-03-10 08:20:00
1047,5,180,-4,2026-03-10 08:20:00
1048,6,180,-4,2026-03-10 08:20:00
1049,1,180,-2,2026-03-10 08:20:00
1050,2,180,-2,2026-03-10 08:20:00
1051,1,182,-2,2026-03-10 18:14:00
1052,2,182,-2,2026-03-10 18:14:00
1053,1,182,-1,2026-03-10 18:14:00
1054,2,182,-1,2026-03-10 18:14:00
1055,3,182,-1,2026-03-10 18:14:00
1056,4,182,-2,2026-03-10 18:14:00
1057,1,182,-2,2026-03-10 18:14:00
1058,2,182,-2,2026-03-10 18:14:00
1059,3,182,-2,2026-03-10 18:14:00
1060,4,182,-4,2026-03-10 18:14:00
1061,1,182,-2,2026-03-10 18:55:00
1062,2,182,-2,2026-03-10 18:55:00
1063,3,182,-2,2026-03-10 18:55:00
1064,1,182,-2,2026-03-10 19:46:00
1065,2,182,-2,2026-03-10 19:46:00
1066,3,182,-2,2026-03-10 19:46:00
1067,5,182,-4,2026-03-10 19:46:00
1068,6,182,-4,2026-03-10 19:46:00
1069,1,182,-2,2026-03-10 19:46:00
1070,2,182,-2,2026-03-10 19:46:00
1071,3,182,-2,2026-03-10 19:46:00
1072,4,182,-4,2026-03-10 19:46:00
1073,1,181,-2,2026-03-10 15:48:00
1074,2,181,-2,2026-03-10 15:48:00
1075,3,181,-2,2026-03-10 15:48:00
1076,5,181,-4,2026-03-10 15:48:00
1077,6,181,-4,2026-03-10 15:48:00
1078,1,181,-1,2026-03-10 15:48:00
1079,2,181,-1,2026-03-10 15:48:00
1080,3,181,-1,2026-03-10 15:48:00
1081,5,181,-2,2026-03-10 15:48:00
1082,6,181,-2,2026-03-10 15:48:00
1083,1,181,-1,2026-03-10 15:48:00
1084,2,181,-1,2026-03-10 15:48:00
1085,3,181,-1,2026-03-10 15:48:00
1086,4,181,-2,2026-03-10 15:48:00
1087,1,182,-2,2026-03-10 19:57:00
1088,2,182,-2,2026-03-10 19:57:00
1089,3,182,-2,2026-03-10 19:57:00
1090,4,182,-4,2026-03-10 19:57:00
1091,1,181,-2,2026-03-10 16:05:00
1092,2,181,-2,2026-03-10 16:05:00
1093,7,181,-2,2026-03-10 16:05:00
1094,8,181,-4,2026-03-10 16:05:00
1095,6,181,-2,2026-03-10 16:05:00
1096,1,180,-2,2026-03-10 08:28:00
1097,2,180,-2,2026-03-10 08:28:00
1098,3,180,-2,2026-03-10 08:28:00
1099,4,180,-4,2026-03-10 08:28:00
1100,1,194,200,2026-03-11 08:00:00
1101,2,194,200,2026-03-11 08:00:00
1102,3,194,200,2026-03-11 08:00:00
1103,4,194,200,2026-03-11 08:00:00
1104,5,194,200,2026-03-11 08:00:00
1105,6,194,200,2026-03-11 08:00:00
1106,7,194,200,2026-03-11 08:00:00
1107,8,194,200,2026-03-11 08:00:00
1108,1,196,-1,2026-03-11 17:31:00
1109,2,196,-1,2026-03-11 17:31:00
1110,3,196,-1,2026-03-11 17:31:00
1111,5,196,-2,2026-03-11 17:31:00
1112,6,196,-2,2026-03-11 17:31:00
1113,1,196,-2,2026-03-11 18:23:00
1114,2,196,-2,2026-03-11 18:23:00
1115,3,196,-2,2026-03-11 18:23:00
1116,1,196,-1,2026-03-11 18:23:00
1117,2,196,-1,2026-03-11 18:23:00
1118,3,196,-1,2026-03-11 18:23:00
1119,4,196,-2,2026-03-11 18:23:00
1120,1,196,-1,2026-03-11 17:04:00
1121,2,196,-1,2026-03-11 17:04:00
1122,7,196,-1,2026-03-11 17:04:00
1123,8,196,-2,2026-03-11 17:04:00
1124,6,196,-1,2026-03-11 17:04:00
1125,1,196,-2,2026-03-11 17:04:00
1126,2,196,-2,2026-03-11 17:04:00
1127,1,196,-2,2026-03-11 17:04:00
1128,2,196,-2,2026-03-11 17:04:00
1129,7,196,-2,2026-03-11 17:04:00
1130,8,196,-4,2026-03-11 17:04:00
1131,6,196,-2,2026-03-11 17:04:00
1132,1,195,-2,2026-03-11 16:36:00
1133,2,195,-2,2026-03-11 16:36:00
1134,7,195,-2,2026-03-11 16:36:00
1135,8,195,-4,2026-03-11 16:36:00
1136,6,195,-2,2026-03-11 16:36:00
1137,1,195,-2,2026-03-11 16:36:00
1138,2,195,-2,2026-03-11 16:36:00
1139,3,195,-2,2026-03-11 16:36:00
1140,4,195,-4,2026-03-11 16:36:00
1141,1,195,-1,2026-03-11 16:36:00
1142,2,195,-1,2026-03-11 16:36:00
1143,7,195,-1,2026-03-11 16:36:00
1144,8,195,-2,2026-03-11 16:36:00
1145,6,195,-1,2026-03-11 16:36:00
1146,1,196,-2,2026-03-11 19:32:00
1147,2,196,-2,2026-03-11 19:32:00
1148,7,196,-2,2026-03-11 19:32:00
1149,8,196,-4,2026-03-11 19:32:00
1150,6,196,-2,2026-03-11 19:32:00
1151,1,195,-2,2026-03-11 14:39:00
1152,2,195,-2,2026-03-11 14:39:00
1153,3,195,-2,2026-03-11 14:39:00
1154,1,195,-2,2026-03-11 14:39:00
1155,2,195,-2,2026-03-11 14:39:00
1156,3,195,-2,2026-03-11 14:39:00
1157,4,195,-4,2026-03-11 14:39:00
1158,1,196,-1,2026-03-11 19:40:00
1159,2,196,-1,2026-03-11 19:40:00
1160,3,196,-1,2026-03-11 19:40:00
1161,1,196,-1,2026-03-11 19:40:00
1162,2,196,-1,2026-03-11 19:40:00
1163,1,194,-2,2026-03-11 09:28:00
1164,2,194,-2,2026-03-11 09:28:00
1165,3,194,-2,2026-03-11 09:28:00
1166,1,194,-2,2026-03-11 09:28:00
1167,2,194,-2,2026-03-11 09:28:00
1168,3,194,-2,2026-03-11 09:28:00
1169,1,196,-1,2026-03-11 20:27:00
1170,2,196,-1,2026-03-11 20:27:00
1171,7,196,-1,2026-03-11 20:27:00
1172,8,196,-2,2026-03-11 20:27:00
1173,6,196,-1,2026-03-11 20:27:00
1174,1,196,-1,2026-03-11 20:27:00
1175,2,196,-1,2026-03-11 20:27:00
1176,3,196,-1,2026-03-11 20:27:00
1177,1,196,-1,2026-03-11 20:27:00
1178,2,196,-1,2026-03-11 20:27:00
1179,3,196,-1,2026-03-11 20:27:00
1180,5,196,-2,2026-03-11 20:27:00
1181,6,196,-2,2026-03-11 20:27:00
1182,1,196,-2,2026-03-11 20:19:00
1183,2,196,-2,2026-03-11 20:19:00
1184,3,196,-2,2026-03-11 20:19:00
1185,1,196,-1,2026-03-11 20:19:00
1186,2,196,-1,2026-03-11 20:19:00
1187,3,196,-1,2026-03-11 20:19:00
1188,1,196,-1,2026-03-11 20:19:00
1189,2,196,-1,2026-03-11 20:19:00
1190,1,208,200,2026-03-12 08:00:00
1191,2,208,200,2026-03-12 08:00:00
1192,3,208,200,2026-03-12 08:00:00
1193,4,208,200,2026-03-12 08:00:00
1194,5,208,200,2026-03-12 08:00:00
1195,6,208,200,2026-03-12 08:00:00
1196,7,208,200,2026-03-12 08:00:00
1197,8,208,200,2026-03-12 08:00:00
1198,1,210,-2,2026-03-12 17:59:00
1199,2,210,-2,2026-03-12 17:59:00
1200,1,209,-2,2026-03-12 15:37:00
1201,2,209,-2,2026-03-12 15:37:00
1202,1,209,-2,2026-03-12 15:33:00
1203,2,209,-2,2026-03-12 15:33:00
1204,3,209,-2,2026-03-12 15:33:00
1205,4,209,-4,2026-03-12 15:33:00
1206,1,209,-2,2026-03-12 16:47:00
1207,2,209,-2,2026-03-12 16:47:00
1208,7,209,-2,2026-03-12 16:47:00
1209,8,209,-4,2026-03-12 16:47:00
1210,6,209,-2,2026-03-12 16:47:00
1211,1,208,-1,2026-03-12 08:23:00
1212,2,208,-1,2026-03-12 08:23:00
1213,7,208,-1,2026-03-12 08:23:00
1214,8,208,-2,2026-03-12 08:23:00
1215,6,208,-1,2026-03-12 08:23:00
1216,1,208,-2,2026-03-12 08:23:00
1217,2,208,-2,2026-03-12 08:23:00
1218,7,208,-2,2026-03-12 08:23:00
1219,8,208,-4,2026-03-12 08:23:00
1220,6,208,-2,2026-03-12 08:23:00
1221,1,208,-1,2026-03-12 08:23:00
1222,2,208,-1,2026-03-12 08:23:00
1223,7,208,-1,2026-03-12 08:23:00
1224,8,208,-2,2026-03-12 08:23:00
1225,6,208,-1,2026-03-12 08:23:00
1226,1,208,-2,2026-03-12 08:13:00
1227,2,208,-2,2026-03-12 08:13:00
1228,1,209,-1,2026-03-12 14:05:00
1229,2,209,-1,2026-03-12 14:05:00
1230,3,209,-1,2026-03-12 14:05:00
1231,4,209,-2,2026-03-12 14:05:00
1232,1,209,-2,2026-03-12 14:05:00
1233,2,209,-2,2026-03-12 14:05:00
1234,7,209,-2,2026-03-12 14:05:00
1235,8,209,-4,2026-03-12 14:05:00
1236,6,209,-2,2026-03-12 14:05:00
1237,1,209,-1,2026-03-12 14:17:00
1238,2,209,-1,2026-03-12 14:17:00
1239,3,209,-1,2026-03-12 14:17:00
1240,1,209,-1,2026-03-12 14:17:00
1241,2,209,-1,2026-03-12 14:17:00
1242,7,209,-1,2026-03-12 14:17:00
1243,8,209,-2,2026-03-12 14:17:00
1244,6,209,-1,2026-03-12 14:17:00
1245,1,210,-2,2026-03-12 17:01:00
1246,2,210,-2,2026-03-12 17:01:00
1247,1,210,-1,2026-03-12 17:01:00
1248,2,210,-1,2026-03-12 17:01:00
1249,1,210,-2,2026-03-12 17:01:00
1250,2,210,-2,2026-03-12 17:01:00
1251,7,210,-2,2026-03-12 17:01:00
1252,8,210,-4,2026-03-12 17:01:00
1253,6,210,-2,2026-03-12 17:01:00
1254,1,209,-2,2026-03-12 13:11:00
1255,2,209,-2,2026-03-12 13:11:00
1256,3,209,-2,2026-03-12 13:11:00
1257,5,209,-4,2026-03-12 13:11:00
1258,6,209,-4,2026-03-12 13:11:00
1259,1,209,-2,2026-03-12 13:11:00
1260,2,209,-2,2026-03-12 13:11:00
1261,3,209,-2,2026-03-12 13:11:00
1262,5,209,-4,2026-03-12 13:11:00
1263,6,209,-4,2026-03-12 13:11:00
1264,1,209,-2,2026-03-12 13:11:00
1265,2,209,-2,2026-03-12 13:11:00
1266,3,209,-2,2026-03-12 13:11:00
1267,4,209,-4,2026-03-12 13:11:00
1268,1,222,200,2026-03-13 08:00:00
1269,2,222,200,2026-03-13 08:00:00
1270,3,222,200,2026-03-13 08:00:00
1271,4,222,200,2026-03-13 08:00:00
1272,5,222,200,2026-03-13 08:00:00
1273,6,222,200,2026-03-13 08:00:00
1274,7,222,200,2026-03-13 08:00:00
1275,8,222,200,2026-03-13 08:00:00
1276,1,224,-1,2026-03-13 19:28:00
1277,2,224,-1,2026-03-13 19:28:00
1278,3,224,-1,2026-03-13 19:28:00
1279,5,224,-2,2026-03-13 19:28:00
1280,6,224,-2,2026-03-13 19:28:00
1281,1,224,-1,2026-03-13 18:39:00
1282,2,224,-1,2026-03-13 18:39:00
1283,7,224,-1,2026-03-13 18:39:00
1284,8,224,-2,2026-03-13 18:39:00
1285,6,224,-1,2026-03-13 18:39:00
1286,1,224,-1,2026-03-13 18:39:00
1287,2,224,-1,2026-03-13 18:39:00
1288,1,222,-2,2026-03-13 10:40:00
1289,2,222,-2,2026-03-13 10:40:00
1290,1,222,-1,2026-03-13 10:40:00
1291,2,222,-1,2026-03-13 10:40:00
1292,3,222,-1,2026-03-13 10:40:00
1293,1,222,-1,2026-03-13 09:02:00
1294,2,222,-1,2026-03-13 09:02:00
1295,3,222,-1,2026-03-13 09:02:00
1296,1,222,-2,2026-03-13 09:02:00
1297,2,222,-2,2026-03-13 09:02:00
1298,1,222,-1,2026-03-13 09:02:00
1299,2,222,-1,2026-03-13 09:02:00
1300,3,222,-1,2026-03-13 09:02:00
1301,5,222,-2,2026-03-13 09:02:00
1302,6,222,-2,2026-03-13 09:02:00
1303,1,222,-1,2026-03-13 08:11:00
1304,2,222,-1,2026-03-13 08:11:00
1305,3,222,-1,2026-03-13 08:11:00
1306,1,222,-1,2026-03-13 08:11:00
1307,2,222,-1,2026-03-13 08:11:00
1308,1,222,-2,2026-03-13 08:11:00
1309,2,222,-2,2026-03-13 08:11:00
1310,7,222,-2,2026-03-13 08:11:00
1311,8,222,-4,2026-03-13 08:11:00
1312,6,222,-2,2026-03-13 08:11:00
1313,1,222,-1,2026-03-13 11:24:00
1314,2,222,-1,2026-03-13 11:24:00
1315,3,222,-1,2026-03-13 11:24:00
1316,4,222,-2,2026-03-13 11:24:00
1317,1,223,-1,2026-03-13 15:27:00
1318,2,223,-1,2026-03-13 15:27:00
1319,7,223,-1,2026-03-13 15:27:00
1320,8,223,-2,2026-03-13 15:27:00
1321,6,223,-1,2026-03-13 15:27:00
1322,1,224,-1,2026-03-13 20:15:00
1323,2,224,-1,2026-03-13 20:15:00
1324,3,224,-1,2026-03-13 20:15:00
1325,5,224,-2,2026-03-13 20:15:00
1326,6,224,-2,2026-03-13 20:15:00
1327,1,224,-1,2026-03-13 20:15:00
1328,2,224,-1,2026-03-13 20:15:00
1329,7,224,-1,2026-03-13 20:15:00
1330,8,224,-2,2026-03-13 20:15:00
1331,6,224,-1,2026-03-13 20:15:00
1332,1,222,-1,2026-03-13 09:50:00
1333,2,222,-1,2026-03-13 09:50:00
1334,3,222,-1,2026-03-13 09:50:00
1335,1,222,-1,2026-03-13 09:50:00
1336,2,222,-1,2026-03-13 09:50:00
1337,3,222,-1,2026-03-13 09:50:00
1338,1,222,-1,2026-03-13 09:50:00
1339,2,222,-1,2026-03-13 09:50:00
1340,1,223,-2,2026-03-13 15:13:00
1341,2,223,-2,2026-03-13 15:13:00
1342,3,223,-2,2026-03-13 15:13:00
1343,1,223,-2,2026-03-13 15:13:00
1344,2,223,-2,2026-03-13 15:13:00
1345,3,223,-2,2026-03-13 15:13:00
1346,1,223,-1,2026-03-13 15:13:00
1347,2,223,-1,2026-03-13 15:13:00
1348,3,223,-1,2026-03-13 15:13:00
1349,5,223,-2,2026-03-13 15:13:00
1350,6,223,-2,2026-03-13 15:13:00
1351,1,236,200,2026-03-14 08:00:00
1352,2,236,200,2026-03-14 08:00:00
1353,3,236,200,2026-03-14 08:00:00
1354,4,236,200,2026-03-14 08:00:00
1355,5,236,200,2026-03-14 08:00:00
1356,6,236,200,2026-03-14 08:00:00
1357,7,236,200,2026-03-14 08:00:00
1358,8,236,200,2026-03-14 08:00:00
1359,1,237,-2,2026-03-14 16:38:00
1360,2,237,-2,2026-03-14 16:38:00
1361,3,237,-2,2026-03-14 16:38:00
1362,4,237,-4,2026-03-14 16:38:00
1363,1,237,-2,2026-03-14 16:38:00
1364,2,237,-2,2026-03-14 16:38:00
1365,3,237,-2,2026-03-14 16:38:00
1366,4,237,-4,2026-03-14 16:38:00
1367,1,237,-2,2026-03-14 16:38:00
1368,2,237,-2,2026-03-14 16:38:00
1369,7,237,-2,2026-03-14 16:38:00
1370,8,237,-4,2026-03-14 16:38:00
1371,6,237,-2,2026-03-14 16:38:00
1372,1,236,-1,2026-03-14 10:11:00
1373,2,236,-1,2026-03-14 10:11:00
1374,3,236,-1,2026-03-14 10:11:00
1375,5,236,-2,2026-03-14 10:11:00
1376,6,236,-2,2026-03-14 10:11:00
1377,1,236,-2,2026-03-14 10:11:00
1378,2,236,-2,2026-03-14 10:11:00
1379,3,236,-2,2026-03-14 10:11:00
1380,5,236,-4,2026-03-14 10:11:00
1381,6,236,-4,2026-03-14 10:11:00
1382,1,236,-1,2026-03-14 10:11:00
1383,2,236,-1,2026-03-14 10:11:00
1384,3,236,-1,2026-03-14 10:11:00
1385,4,236,-2,2026-03-14 10:11:00
1386,1,237,-2,2026-03-14 12:51:00
1387,2,237,-2,2026-03-14 12:51:00
1388,7,237,-2,2026-03-14 12:51:00
1389,8,237,-4,2026-03-14 12:51:00
1390,6,237,-2,2026-03-14 12:51:00
1391,1,237,-2,2026-03-14 12:51:00
1392,2,237,-2,2026-03-14 12:51:00
1393,7,237,-2,2026-03-14 12:51:00
1394,8,237,-4,2026-03-14 12:51:00
1395,6,237,-2,2026-03-14 12:51:00
1396,1,237,-1,2026-03-14 16:08:00
1397,2,237,-1,2026-03-14 16:08:00
1398,3,237,-1,2026-03-14 16:08:00
1399,1,237,-1,2026-03-14 16:08:00
1400,2,237,-1,2026-03-14 16:08:00
1401,3,237,-1,2026-03-14 16:08:00
1402,1,237,-1,2026-03-14 16:08:00
1403,2,237,-1,2026-03-14 16:08:00
1404,1,237,-1,2026-03-14 13:27:00
1405,2,237,-1,2026-03-14 13:27:00
1406,3,237,-1,2026-03-14 13:27:00
1407,1,237,-1,2026-03-14 13:27:00
1408,2,237,-1,2026-03-14 13:27:00
1409,1,238,-2,2026-03-14 19:18:00
1410,2,238,-2,2026-03-14 19:18:00
1411,3,238,-2,2026-03-14 19:18:00
1412,4,238,-4,2026-03-14 19:18:00
1413,1,238,-2,2026-03-14 19:18:00
1414,2,238,-2,2026-03-14 19:18:00
1415,1,237,-1,2026-03-14 15:24:00
1416,2,237,-1,2026-03-14 15:24:00
1417,3,237,-1,2026-03-14 15:24:00
1418,5,237,-2,2026-03-14 15:24:00
1419,6,237,-2,2026-03-14 15:24:00
1420,1,237,-1,2026-03-14 14:18:00
1421,2,237,-1,2026-03-14 14:18:00
1422,3,237,-1,2026-03-14 14:18:00
1423,5,237,-2,2026-03-14 14:18:00
1424,6,237,-2,2026-03-14 14:18:00
1425,1,237,-2,2026-03-14 14:18:00
1426,2,237,-2,2026-03-14 14:18:00
1427,3,237,-2,2026-03-14 14:18:00
1428,1,237,-1,2026-03-14 14:18:00
1429,2,237,-1,2026-03-14 14:18:00
1430,7,237,-1,2026-03-14 14:18:00
1431,8,237,-2,2026-03-14 14:18:00
1432,6,237,-1,2026-03-14 14:18:00
1433,1,236,-2,2026-03-14 11:30:00
1434,2,236,-2,2026-03-14 11:30:00
1435,7,236,-2,2026-03-14 11:30:00
1436,8,236,-4,2026-03-14 11:30:00
1437,6,236,-2,2026-03-14 11:30:00
1438,1,238,-2,2026-03-14 17:29:00
1439,2,238,-2,2026-03-14 17:29:00
1440,1,250,200,2026-03-15 08:00:00
1441,2,250,200,2026-03-15 08:00:00
1442,3,250,200,2026-03-15 08:00:00
1443,4,250,200,2026-03-15 08:00:00
1444,5,250,200,2026-03-15 08:00:00
1445,6,250,200,2026-03-15 08:00:00
1446,7,250,200,2026-03-15 08:00:00
1447,8,250,200,2026-03-15 08:00:00
1448,1,251,-1,2026-03-15 14:44:00
1449,2,251,-1,2026-03-15 14:44:00
1450,3,251,-1,2026-03-15 14:44:00
1451,1,251,-2,2026-03-15 14:34:00
1452,2,251,-2,2026-03-15 14:34:00
1453,3,251,-2,2026-03-15 14:34:00
1454,5,251,-4,2026-03-15 14:34:00
1455,6,251,-4,2026-03-15 14:34:00
1456,1,251,-1,2026-03-15 14:34:00
1457,2,251,-1,2026-03-15 14:34:00
1458,3,251,-1,2026-03-15 14:34:00
1459,4,251,-2,2026-03-15 14:34:00
1460,1,251,-1,2026-03-15 13:15:00
1461,2,251,-1,2026-03-15 13:15:00
1462,7,251,-1,2026-03-15 13:15:00
1463,8,251,-2,2026-03-15 13:15:00
1464,6,251,-1,2026-03-15 13:15:00
1465,1,251,-1,2026-03-15 13:15:00
1466,2,251,-1,2026-03-15 13:15:00
1467,1,250,-2,2026-03-15 11:22:00
1468,2,250,-2,2026-03-15 11:22:00
1469,3,250,-2,2026-03-15 11:22:00
1470,5,250,-4,2026-03-15 11:22:00
1471,6,250,-4,2026-03-15 11:22:00
1472,1,250,-2,2026-03-15 11:22:00
1473,2,250,-2,2026-03-15 11:22:00
1474,3,250,-2,2026-03-15 11:22:00
1475,4,250,-4,2026-03-15 11:22:00
1476,1,250,-2,2026-03-15 11:22:00
1477,2,250,-2,2026-03-15 11:22:00
1478,3,250,-2,2026-03-15 11:22:00
1479,4,250,-4,2026-03-15 11:22:00
1480,1,252,-1,2026-03-15 19:43:00
1481,2,252,-1,2026-03-15 19:43:00
1482,1,252,-2,2026-03-15 17:25:00
1483,2,252,-2,2026-03-15 17:25:00
1484,3,252,-2,2026-03-15 17:25:00
1485,1,252,-2,2026-03-15 17:25:00
1486,2,252,-2,2026-03-15 17:25:00
1487,3,252,-2,2026-03-15 17:25:00
1488,1,250,-1,2026-03-15 08:14:00
1489,2,250,-1,2026-03-15 08:14:00
1490,7,250,-1,2026-03-15 08:14:00
1491,8,250,-2,2026-03-15 08:14:00
1492,6,250,-1,2026-03-15 08:14:00
1493,1,250,-1,2026-03-15 08:14:00
1494,2,250,-1,2026-03-15 08:14:00
1495,3,250,-1,2026-03-15 08:14:00
1496,5,250,-2,2026-03-15 08:14:00
1497,6,250,-2,2026-03-15 08:14:00
1498,1,250,-2,2026-03-15 08:14:00
1499,2,250,-2,2026-03-15 08:14:00
1500,1,251,-2,2026-03-15 13:07:00
1501,2,251,-2,2026-03-15 13:07:00
1502,3,251,-2,2026-03-15 13:07:00
1503,1,251,-2,2026-03-15 16:20:00
1504,2,251,-2,2026-03-15 16:20:00
1505,3,251,-2,2026-03-15 16:20:00
1506,1,251,-2,2026-03-15 16:20:00
1507,2,251,-2,2026-03-15 16:20:00
1508,7,251,-2,2026-03-15 16:20:00
1509,8,251,-4,2026-03-15 16:20:00
1510,6,251,-2,2026-03-15 16:20:00
1511,1,251,-1,2026-03-15 16:20:00
1512,2,251,-1,2026-03-15 16:20:00
1513,7,251,-1,2026-03-15 16:20:00
1514,8,251,-2,2026-03-15 16:20:00
1515,6,251,-1,2026-03-15 16:20:00
1516,1,250,-1,2026-03-15 11:52:00
1517,2,250,-1,2026-03-15 11:52:00
1518,3,250,-1,2026-03-15 11:52:00
1519,4,250,-2,2026-03-15 11:52:00
1520,1,250,-1,2026-03-15 11:52:00
1521,2,250,-1,2026-03-15 11:52:00
1522,1,250,-1,2026-03-15 11:52:00
1523,2,250,-1,2026-03-15 11:52:00
1524,1,264,200,2026-03-16 08:00:00
1525,2,264,200,2026-03-16 08:00:00
1526,3,264,200,2026-03-16 08:00:00
1527,4,264,200,2026-03-16 08:00:00
1528,5,264,200,2026-03-16 08:00:00
1529,6,264,200,2026-03-16 08:00:00
1530,7,264,200,2026-03-16 08:00:00
1531,8,264,200,2026-03-16 08:00:00
1532,1,265,-2,2026-03-16 13:47:00
1533,2,265,-2,2026-03-16 13:47:00
1534,3,265,-2,2026-03-16 13:47:00
1535,5,265,-4,2026-03-16 13:47:00
1536,6,265,-4,2026-03-16 13:47:00
1537,1,265,-1,2026-03-16 13:47:00
1538,2,265,-1,2026-03-16 13:47:00
1539,3,265,-1,2026-03-16 13:47:00
1540,4,265,-2,2026-03-16 13:47:00
1541,1,266,-1,2026-03-16 19:09:00
1542,2,266,-1,2026-03-16 19:09:00
1543,3,266,-1,2026-03-16 19:09:00
1544,4,266,-2,2026-03-16 19:09:00
1545,1,266,-2,2026-03-16 19:09:00
1546,2,266,-2,2026-03-16 19:09:00
1547,7,266,-2,2026-03-16 19:09:00
1548,8,266,-4,2026-03-16 19:09:00
1549,6,266,-2,2026-03-16 19:09:00
1550,1,266,-2,2026-03-16 19:09:00
1551,2,266,-2,2026-03-16 19:09:00
1552,1,265,-1,2026-03-16 13:52:00
1553,2,265,-1,2026-03-16 13:52:00
1554,3,265,-1,2026-03-16 13:52:00
1555,5,265,-2,2026-03-16 13:52:00
1556,6,265,-2,2026-03-16 13:52:00
1557,1,265,-2,2026-03-16 16:23:00
1558,2,265,-2,2026-03-16 16:23:00
1559,7,265,-2,2026-03-16 16:23:00
1560,8,265,-4,2026-03-16 16:23:00
1561,6,265,-2,2026-03-16 16:23:00
1562,1,266,-2,2026-03-16 20:52:00
1563,2,266,-2,2026-03-16 20:52:00
1564,3,266,-2,2026-03-16 20:52:00
1565,5,266,-4,2026-03-16 20:52:00
1566,6,266,-4,2026-03-16 20:52:00
1567,1,265,-2,2026-03-16 14:58:00
1568,2,265,-2,2026-03-16 14:58:00
1569,3,265,-2,2026-03-16 14:58:00
1570,4,265,-4,2026-03-16 14:58:00
1571,1,266,-1,2026-03-16 19:53:00
1572,2,266,-1,2026-03-16 19:53:00
1573,1,266,-2,2026-03-16 19:53:00
1574,2,266,-2,2026-03-16 19:53:00
1575,3,266,-2,2026-03-16 19:53:00
1576,5,266,-4,2026-03-16 19:53:00
1577,6,266,-4,2026-03-16 19:53:00
1578,1,264,-1,2026-03-16 09:14:00
1579,2,264,-1,2026-03-16 09:14:00
1580,3,264,-1,2026-03-16 09:14:00
1581,4,264,-2,2026-03-16 09:14:00
1582,1,264,-1,2026-03-16 09:14:00
1583,2,264,-1,2026-03-16 09:14:00
1584,1,265,-1,2026-03-16 16:39:00
1585,2,265,-1,2026-03-16 16:39:00
1586,3,265,-1,2026-03-16 16:39:00
1587,1,265,-2,2026-03-16 16:39:00
1588,2,265,-2,2026-03-16 16:39:00
1589,7,265,-2,2026-03-16 16:39:00
1590,8,265,-4,2026-03-16 16:39:00
1591,6,265,-2,2026-03-16 16:39:00
1592,1,265,-2,2026-03-16 16:39:00
1593,2,265,-2,2026-03-16 16:39:00
1594,7,265,-2,2026-03-16 16:39:00
1595,8,265,-4,2026-03-16 16:39:00
1596,6,265,-2,2026-03-16 16:39:00
1597,1,264,-1,2026-03-16 10:09:00
1598,2,264,-1,2026-03-16 10:09:00
1599,3,264,-1,2026-03-16 10:09:00
1600,4,264,-2,2026-03-16 10:09:00
1601,1,264,-2,2026-03-16 10:09:00
1602,2,264,-2,2026-03-16 10:09:00
1603,3,264,-2,2026-03-16 10:09:00
1604,4,264,-4,2026-03-16 10:09:00
1605,1,278,200,2026-03-17 08:00:00
1606,2,278,200,2026-03-17 08:00:00
1607,3,278,200,2026-03-17 08:00:00
1608,4,278,200,2026-03-17 08:00:00
1609,5,278,200,2026-03-17 08:00:00
1610,6,278,200,2026-03-17 08:00:00
1611,7,278,200,2026-03-17 08:00:00
1612,8,278,200,2026-03-17 08:00:00
1613,1,278,-2,2026-03-17 11:41:00
1614,2,278,-2,2026-03-17 11:41:00
1615,1,279,-2,2026-03-17 14:01:00
1616,2,279,-2,2026-03-17 14:01:00
1617,3,279,-2,2026-03-17 14:01:00
1618,1,279,-1,2026-03-17 16:25:00
1619,2,279,-1,2026-03-17 16:25:00
1620,1,279,-2,2026-03-17 16:25:00
1621,2,279,-2,2026-03-17 16:25:00
1622,3,279,-2,2026-03-17 16:25:00
1623,5,279,-4,2026-03-17 16:25:00
1624,6,279,-4,2026-03-17 16:25:00
1625,1,279,-1,2026-03-17 16:25:00
1626,2,279,-1,2026-03-17 16:25:00
1627,3,279,-1,2026-03-17 16:25:00
1628,5,279,-2,2026-03-17 16:25:00
1629,6,279,-2,2026-03-17 16:25:00
1630,1,279,-2,2026-03-17 14:21:00
1631,2,279,-2,2026-03-17 14:21:00
1632,1,279,-2,2026-03-17 12:59:00
1633,2,279,-2,2026-03-17 12:59:00
1634,1,279,-2,2026-03-17 12:59:00
1635,2,279,-2,2026-03-17 12:59:00
1636,3,279,-2,2026-03-17 12:59:00
1637,5,279,-4,2026-03-17 12:59:00
1638,6,279,-4,2026-03-17 12:59:00
1639,1,279,-2,2026-03-17 16:02:00
1640,2,279,-2,2026-03-17 16:02:00
1641,3,279,-2,2026-03-17 16:02:00
1642,5,279,-4,2026-03-17 16:02:00
1643,6,279,-4,2026-03-17 16:02:00
1644,1,279,-1,2026-03-17 16:02:00
1645,2,279,-1,2026-03-17 16:02:00
1646,1,279,-1,2026-03-17 16:02:00
1647,2,279,-1,2026-03-17 16:02:00
1648,3,279,-1,2026-03-17 16:02:00
1649,5,279,-2,2026-03-17 16:02:00
1650,6,279,-2,2026-03-17 16:02:00
1651,1,280,-1,2026-03-17 19:42:00
1652,2,280,-1,2026-03-17 19:42:00
1653,3,280,-1,2026-03-17 19:42:00
1654,1,280,-1,2026-03-17 20:48:00
1655,2,280,-1,2026-03-17 20:48:00
1656,3,280,-1,2026-03-17 20:48:00
1657,4,280,-2,2026-03-17 20:48:00
1658,1,280,-1,2026-03-17 20:48:00
1659,2,280,-1,2026-03-17 20:48:00
1660,3,280,-1,2026-03-17 20:48:00
1661,5,280,-2,2026-03-17 20:48:00
1662,6,280,-2,2026-03-17 20:48:00
1663,1,280,-1,2026-03-17 20:48:00
1664,2,280,-1,2026-03-17 20:48:00
1665,3,280,-1,2026-03-17 20:48:00
1666,1,279,-1,2026-03-17 12:47:00
1667,2,279,-1,2026-03-17 12:47:00
1668,1,279,-1,2026-03-17 12:47:00
1669,2,279,-1,2026-03-17 12:47:00
1670,3,279,-1,2026-03-17 12:47:00
1671,4,279,-2,2026-03-17 12:47:00
1672,1,280,-1,2026-03-17 19:27:00
1673,2,280,-1,2026-03-17 19:27:00
1674,7,280,-1,2026-03-17 19:27:00
1675,8,280,-2,2026-03-17 19:27:00
1676,6,280,-1,2026-03-17 19:27:00
1677,1,280,-2,2026-03-17 19:27:00
1678,2,280,-2,2026-03-17 19:27:00
1679,3,280,-2,2026-03-17 19:27:00
1680,4,280,-4,2026-03-17 19:27:00
1681,1,280,-1,2026-03-17 19:27:00
1682,2,280,-1,2026-03-17 19:27:00
1683,3,280,-1,2026-03-17 19:27:00
1684,1,292,200,2026-03-18 08:00:00
1685,2,292,200,2026-03-18 08:00:00
1686,3,292,200,2026-03-18 08:00:00
1687,4,292,200,2026-03-18 08:00:00
1688,5,292,200,2026-03-18 08:00:00
1689,6,292,200,2026-03-18 08:00:00
1690,7,292,200,2026-03-18 08:00:00
1691,8,292,200,2026-03-18 08:00:00
1692,1,292,-2,2026-03-18 10:38:00
1693,2,292,-2,2026-03-18 10:38:00
1694,3,292,-2,2026-03-18 10:38:00
1695,1,292,-2,2026-03-18 10:38:00
1696,2,292,-2,2026-03-18 10:38:00
1697,3,292,-2,2026-03-18 10:38:00
1698,1,292,-1,2026-03-18 10:38:00
1699,2,292,-1,2026-03-18 10:38:00
1700,3,292,-1,2026-03-18 10:38:00
1701,4,292,-2,2026-03-18 10:38:00
1702,1,292,-1,2026-03-18 08:50:00
1703,2,292,-1,2026-03-18 08:50:00
1704,3,292,-1,2026-03-18 08:50:00
1705,1,294,-1,2026-03-18 18:43:00
1706,2,294,-1,2026-03-18 18:43:00
1707,1,294,-1,2026-03-18 18:43:00
1708,2,294,-1,2026-03-18 18:43:00
1709,3,294,-1,2026-03-18 18:43:00
1710,4,294,-2,2026-03-18 18:43:00
1711,1,292,-1,2026-03-18 11:09:00
1712,2,292,-1,2026-03-18 11:09:00
1713,3,292,-1,2026-03-18 11:09:00
1714,1,292,-2,2026-03-18 11:09:00
1715,2,292,-2,2026-03-18 11:09:00
1716,7,292,-2,2026-03-18 11:09:00
1717,8,292,-4,2026-03-18 11:09:00
1718,6,292,-2,2026-03-18 11:09:00
1719,1,292,-2,2026-03-18 11:09:00
1720,2,292,-2,2026-03-18 11:09:00
1721,3,292,-2,2026-03-18 11:09:00
1722,5,292,-4,2026-03-18 11:09:00
1723,6,292,-4,2026-03-18 11:09:00
1724,1,292,-1,2026-03-18 10:59:00
1725,2,292,-1,2026-03-18 10:59:00
1726,7,292,-1,2026-03-18 10:59:00
1727,8,292,-2,2026-03-18 10:59:00
1728,6,292,-1,2026-03-18 10:59:00
1729,1,292,-2,2026-03-18 10:59:00
1730,2,292,-2,2026-03-18 10:59:00
1731,3,292,-2,2026-03-18 10:59:00
1732,5,292,-4,2026-03-18 10:59:00
1733,6,292,-4,2026-03-18 10:59:00
1734,1,292,-1,2026-03-18 10:59:00
1735,2,292,-1,2026-03-18 10:59:00
1736,7,292,-1,2026-03-18 10:59:00
1737,8,292,-2,2026-03-18 10:59:00
1738,6,292,-1,2026-03-18 10:59:00
1739,1,294,-1,2026-03-18 18:36:00
1740,2,294,-1,2026-03-18 18:36:00
1741,3,294,-1,2026-03-18 18:36:00
1742,5,294,-2,2026-03-18 18:36:00
1743,6,294,-2,2026-03-18 18:36:00
1744,1,293,-2,2026-03-18 16:13:00
1745,2,293,-2,2026-03-18 16:13:00
1746,3,293,-2,2026-03-18 16:13:00
1747,5,293,-4,2026-03-18 16:13:00
1748,6,293,-4,2026-03-18 16:13:00
1749,1,293,-2,2026-03-18 16:13:00
1750,2,293,-2,2026-03-18 16:13:00
1751,3,293,-2,2026-03-18 16:13:00
1752,5,293,-4,2026-03-18 16:13:00
1753,6,293,-4,2026-03-18 16:13:00
1754,1,294,-2,2026-03-18 19:17:00
1755,2,294,-2,2026-03-18 19:17:00
1756,3,294,-2,2026-03-18 19:17:00
1757,5,294,-4,2026-03-18 19:17:00
1758,6,294,-4,2026-03-18 19:17:00
1759,1,294,-2,2026-03-18 19:17:00
1760,2,294,-2,2026-03-18 19:17:00
1761,3,294,-2,2026-03-18 19:17:00
1762,4,294,-4,2026-03-18 19:17:00
1763,1,293,-1,2026-03-18 14:56:00
1764,2,293,-1,2026-03-18 14:56:00
1765,7,293,-1,2026-03-18 14:56:00
1766,8,293,-2,2026-03-18 14:56:00
1767,6,293,-1,2026-03-18 14:56:00
1768,1,293,-2,2026-03-18 14:56:00
1769,2,293,-2,2026-03-18 14:56:00
1770,3,293,-2,2026-03-18 14:56:00
1771,5,293,-4,2026-03-18 14:56:00
1772,6,293,-4,2026-03-18 14:56:00
1773,1,293,-1,2026-03-18 16:34:00
1774,2,293,-1,2026-03-18 16:34:00
1775,3,293,-1,2026-03-18 16:34:00
1776,5,293,-2,2026-03-18 16:34:00
1777,6,293,-2,2026-03-18 16:34:00
1778,1,293,-1,2026-03-18 16:34:00
1779,2,293,-1,2026-03-18 16:34:00
1780,7,293,-1,2026-03-18 16:34:00
1781,8,293,-2,2026-03-18 16:34:00
1782,6,293,-1,2026-03-18 16:34:00
1783,1,306,200,2026-03-19 08:00:00
1784,2,306,200,2026-03-19 08:00:00
1785,3,306,200,2026-03-19 08:00:00
1786,4,306,200,2026-03-19 08:00:00
1787,5,306,200,2026-03-19 08:00:00
1788,6,306,200,2026-03-19 08:00:00
1789,7,306,200,2026-03-19 08:00:00
1790,8,306,200,2026-03-19 08:00:00
1791,1,306,-2,2026-03-19 12:02:00
1792,2,306,-2,2026-03-19 12:02:00
1793,3,306,-2,2026-03-19 12:02:00
1794,4,306,-4,2026-03-19 12:02:00
1795,1,306,-1,2026-03-19 12:02:00
1796,2,306,-1,2026-03-19 12:02:00
1797,3,306,-1,2026-03-19 12:02:00
1798,4,306,-2,2026-03-19 12:02:00
1799,1,307,-1,2026-03-19 15:15:00
1800,2,307,-1,2026-03-19 15:15:00
1801,1,307,-2,2026-03-19 15:15:00
1802,2,307,-2,2026-03-19 15:15:00
1803,3,307,-2,2026-03-19 15:15:00
1804,4,307,-4,2026-03-19 15:15:00
1805,1,308,-2,2026-03-19 18:31:00
1806,2,308,-2,2026-03-19 18:31:00
1807,1,306,-2,2026-03-19 08:27:00
1808,2,306,-2,2026-03-19 08:27:00
1809,1,306,-1,2026-03-19 08:27:00
1810,2,306,-1,2026-03-19 08:27:00
1811,3,306,-1,2026-03-19 08:27:00
1812,1,307,-2,2026-03-19 16:24:00
1813,2,307,-2,2026-03-19 16:24:00
1814,3,307,-2,2026-03-19 16:24:00
1815,1,306,-2,2026-03-19 08:32:00
1816,2,306,-2,2026-03-19 08:32:00
1817,3,306,-2,2026-03-19 08:32:00
1818,4,306,-4,2026-03-19 08:32:00
1819,1,306,-2,2026-03-19 08:32:00
1820,2,306,-2,2026-03-19 08:32:00
1821,3,306,-2,2026-03-19 08:32:00
1822,1,308,-2,2026-03-19 20:10:00
1823,2,308,-2,2026-03-19 20:10:00
1824,3,308,-2,2026-03-19 20:10:00
1825,1,308,-1,2026-03-19 20:10:00
1826,2,308,-1,2026-03-19 20:10:00
1827,3,308,-1,2026-03-19 20:10:00
1828,4,308,-2,2026-03-19 20:10:00
1829,1,308,-1,2026-03-19 20:10:00
1830,2,308,-1,2026-03-19 20:10:00
1831,3,308,-1,2026-03-19 20:10:00
1832,1,308,-1,2026-03-19 17:10:00
1833,2,308,-1,2026-03-19 17:10:00
1834,1,306,-2,2026-03-19 12:26:00
1835,2,306,-2,2026-03-19 12:26:00
1836,7,306,-2,2026-03-19 12:26:00
1837,8,306,-4,2026-03-19 12:26:00
1838,6,306,-2,2026-03-19 12:26:00
1839,1,307,-2,2026-03-19 15:31:00
1840,2,307,-2,2026-03-19 15:31:00
1841,1,320,200,2026-03-20 08:00:00
1842,2,320,200,2026-03-20 08:00:00
1843,3,320,200,2026-03-20 08:00:00
1844,4,320,200,2026-03-20 08:00:00
1845,5,320,200,2026-03-20 08:00:00
1846,6,320,200,2026-03-20 08:00:00
1847,7,320,200,2026-03-20 08:00:00
1848,8,320,200,2026-03-20 08:00:00
1849,1,322,-2,2026-03-20 17:46:00
1850,2,322,-2,2026-03-20 17:46:00
1851,3,322,-2,2026-03-20 17:46:00
1852,1,322,-2,2026-03-20 17:46:00
1853,2,322,-2,2026-03-20 17:46:00
1854,7,322,-2,2026-03-20 17:46:00
1855,8,322,-4,2026-03-20 17:46:00
1856,6,322,-2,2026-03-20 17:46:00
1857,1,322,-2,2026-03-20 17:46:00
1858,2,322,-2,2026-03-20 17:46:00
1859,7,322,-2,2026-03-20 17:46:00
1860,8,322,-4,2026-03-20 17:46:00
1861,6,322,-2,2026-03-20 17:46:00
1862,1,321,-2,2026-03-20 16:00:00
1863,2,321,-2,2026-03-20 16:00:00
1864,3,321,-2,2026-03-20 16:00:00
1865,5,321,-4,2026-03-20 16:00:00
1866,6,321,-4,2026-03-20 16:00:00
1867,1,320,-1,2026-03-20 08:31:00
1868,2,320,-1,2026-03-20 08:31:00
1869,3,320,-1,2026-03-20 08:31:00
1870,4,320,-2,2026-03-20 08:31:00
1871,1,320,-2,2026-03-20 11:18:00
1872,2,320,-2,2026-03-20 11:18:00
1873,3,320,-2,2026-03-20 11:18:00
1874,1,320,-2,2026-03-20 11:18:00
1875,2,320,-2,2026-03-20 11:18:00
1876,3,320,-2,2026-03-20 11:18:00
1877,4,320,-4,2026-03-20 11:18:00
1878,1,320,-2,2026-03-20 11:18:00
1879,2,320,-2,2026-03-20 11:18:00
1880,7,320,-2,2026-03-20 11:18:00
1881,8,320,-4,2026-03-20 11:18:00
1882,6,320,-2,2026-03-20 11:18:00
1883,1,322,-1,2026-03-20 19:10:00
1884,2,322,-1,2026-03-20 19:10:00
1885,3,322,-1,2026-03-20 19:10:00
1886,5,322,-2,2026-03-20 19:10:00
1887,6,322,-2,2026-03-20 19:10:00
1888,1,322,-1,2026-03-20 19:10:00
1889,2,322,-1,2026-03-20 19:10:00
1890,7,322,-1,2026-03-20 19:10:00
1891,8,322,-2,2026-03-20 19:10:00
1892,6,322,-1,2026-03-20 19:10:00
1893,1,321,-2,2026-03-20 16:44:00
1894,2,321,-2,2026-03-20 16:44:00
1895,7,321,-2,2026-03-20 16:44:00
1896,8,321,-4,2026-03-20 16:44:00
1897,6,321,-2,2026-03-20 16:44:00
1898,1,321,-1,2026-03-20 16:44:00
1899,2,321,-1,2026-03-20 16:44:00
1900,7,321,-1,2026-03-20 16:44:00
1901,8,321,-2,2026-03-20 16:44:00
1902,6,321,-1,2026-03-20 16:44:00
1903,1,322,-1,2026-03-20 17:02:00
1904,2,322,-1,2026-03-20 17:02:00
1905,3,322,-1,2026-03-20 17:02:00
1906,4,322,-2,2026-03-20 17:02:00
1907,1,322,-1,2026-03-20 17:02:00
1908,2,322,-1,2026-03-20 17:02:00
1909,3,322,-1,2026-03-20 17:02:00
1910,5,322,-2,2026-03-20 17:02:00
1911,6,322,-2,2026-03-20 17:02:00
1912,1,322,-1,2026-03-20 17:02:00
1913,2,322,-1,2026-03-20 17:02:00
1914,1,321,-1,2026-03-20 16:28:00
1915,2,321,-1,2026-03-20 16:28:00
1916,3,321,-1,2026-03-20 16:28:00
1917,4,321,-2,2026-03-20 16:28:00
1918,1,321,-2,2026-03-20 16:28:00
1919,2,321,-2,2026-03-20 16:28:00
1920,3,321,-2,2026-03-20 16:28:00
1921,4,321,-4,2026-03-20 16:28:00
1922,1,321,-1,2026-03-20 16:28:00
1923,2,321,-1,2026-03-20 16:28:00
1924,3,321,-1,2026-03-20 16:28:00
1925,4,321,-2,2026-03-20 16:28:00
1926,1,321,-1,2026-03-20 15:30:00
1927,2,321,-1,2026-03-20 15:30:00
1928,7,321,-1,2026-03-20 15:30:00
1929,8,321,-2,2026-03-20 15:30:00
1930,6,321,-1,2026-03-20 15:30:00
1931,1,321,-2,2026-03-20 13:16:00
1932,2,321,-2,2026-03-20 13:16:00
1933,1,321,-1,2026-03-20 13:16:00
1934,2,321,-1,2026-03-20 13:16:00
1935,3,321,-1,2026-03-20 13:16:00
1936,1,321,-1,2026-03-20 13:16:00
1937,2,321,-1,2026-03-20 13:16:00
1938,3,321,-1,2026-03-20 13:16:00
1939,4,321,-2,2026-03-20 13:16:00
1940,1,334,200,2026-03-21 08:00:00
1941,2,334,200,2026-03-21 08:00:00
1942,3,334,200,2026-03-21 08:00:00
1943,4,334,200,2026-03-21 08:00:00
1944,5,334,200,2026-03-21 08:00:00
1945,6,334,200,2026-03-21 08:00:00
1946,7,334,200,2026-03-21 08:00:00
1947,8,334,200,2026-03-21 08:00:00
1948,1,334,-2,2026-03-21 12:10:00
1949,2,334,-2,2026-03-21 12:10:00
1950,1,336,-1,2026-03-21 20:13:00
1951,2,336,-1,2026-03-21 20:13:00
1952,3,336,-1,2026-03-21 20:13:00
1953,5,336,-2,2026-03-21 20:13:00
1954,6,336,-2,2026-03-21 20:13:00
1955,1,334,-1,2026-03-21 08:47:00
1956,2,334,-1,2026-03-21 08:47:00
1957,1,335,-2,2026-03-21 13:41:00
1958,2,335,-2,2026-03-21 13:41:00
1959,3,335,-2,2026-03-21 13:41:00
1960,1,335,-2,2026-03-21 13:41:00
1961,2,335,-2,2026-03-21 13:41:00
1962,3,335,-2,2026-03-21 13:41:00
1963,5,335,-4,2026-03-21 13:41:00
1964,6,335,-4,2026-03-21 13:41:00
1965,1,335,-1,2026-03-21 13:41:00
1966,2,335,-1,2026-03-21 13:41:00
1967,3,335,-1,2026-03-21 13:41:00
1968,5,335,-2,2026-03-21 13:41:00
1969,6,335,-2,2026-03-21 13:41:00
1970,1,335,-1,2026-03-21 13:38:00
1971,2,335,-1,2026-03-21 13:38:00
1972,3,335,-1,2026-03-21 13:38:00
1973,5,335,-2,2026-03-21 13:38:00
1974,6,335,-2,2026-03-21 13:38:00
1975,1,335,-2,2026-03-21 12:34:00
1976,2,335,-2,2026-03-21 12:34:00
1977,3,335,-2,2026-03-21 12:34:00
1978,5,335,-4,2026-03-21 12:34:00
1979,6,335,-4,2026-03-21 12:34:00
1980,1,335,-1,2026-03-21 16:38:00
1981,2,335,-1,2026-03-21 16:38:00
1982,1,335,-2,2026-03-21 16:38:00
1983,2,335,-2,2026-03-21 16:38:00
1984,3,335,-2,2026-03-21 16:38:00
1985,1,335,-1,2026-03-21 16:38:00
1986,2,335,-1,2026-03-21 16:38:00
1987,3,335,-1,2026-03-21 16:38:00
1988,4,335,-2,2026-03-21 16:38:00
1989,1,335,-2,2026-03-21 13:37:00
1990,2,335,-2,2026-03-21 13:37:00
1991,7,335,-2,2026-03-21 13:37:00
1992,8,335,-4,2026-03-21 13:37:00
1993,6,335,-2,2026-03-21 13:37:00
1994,1,335,-2,2026-03-21 13:37:00
1995,2,335,-2,2026-03-21 13:37:00
1996,7,335,-2,2026-03-21 13:37:00
1997,8,335,-4,2026-03-21 13:37:00
1998,6,335,-2,2026-03-21 13:37:00
1999,1,334,-2,2026-03-21 12:00:00
2000,2,334,-2,2026-03-21 12:00:00
2001,3,334,-2,2026-03-21 12:00:00
2002,4,334,-4,2026-03-21 12:00:00
2003,1,334,-2,2026-03-21 09:37:00
2004,2,334,-2,2026-03-21 09:37:00
2005,3,334,-2,2026-03-21 09:37:00
2006,4,334,-4,2026-03-21 09:37:00
2007,1,348,200,2026-03-22 08:00:00
2008,2,348,200,2026-03-22 08:00:00
2009,3,348,200,2026-03-22 08:00:00
2010,4,348,200,2026-03-22 08:00:00
2011,5,348,200,2026-03-22 08:00:00
2012,6,348,200,2026-03-22 08:00:00
2013,7,348,200,2026-03-22 08:00:00
2014,8,348,200,2026-03-22 08:00:00
2015,1,349,-1,2026-03-22 13:22:00
2016,2,349,-1,2026-03-22 13:22:00
2017,3,349,-1,2026-03-22 13:22:00
2018,1,349,-1,2026-03-22 13:22:00
2019,2,349,-1,2026-03-22 13:22:00
2020,3,349,-1,2026-03-22 13:22:00
2021,1,349,-2,2026-03-22 13:22:00
2022,2,349,-2,2026-03-22 13:22:00
2023,3,349,-2,2026-03-22 13:22:00
2024,1,348,-2,2026-03-22 10:17:00
2025,2,348,-2,2026-03-22 10:17:00
2026,3,348,-2,2026-03-22 10:17:00
2027,4,348,-4,2026-03-22 10:17:00
2028,1,350,-2,2026-03-22 20:47:00
2029,2,350,-2,2026-03-22 20:47:00
2030,7,350,-2,2026-03-22 20:47:00
2031,8,350,-4,2026-03-22 20:47:00
2032,6,350,-2,2026-03-22 20:47:00
2033,1,350,-2,2026-03-22 20:47:00
2034,2,350,-2,2026-03-22 20:47:00
2035,1,350,-2,2026-03-22 20:47:00
2036,2,350,-2,2026-03-22 20:47:00
2037,3,350,-2,2026-03-22 20:47:00
2038,4,350,-4,2026-03-22 20:47:00
2039,1,350,-1,2026-03-22 18:02:00
2040,2,350,-1,2026-03-22 18:02:00
2041,3,350,-1,2026-03-22 18:02:00
2042,5,350,-2,2026-03-22 18:02:00
2043,6,350,-2,2026-03-22 18:02:00
2044,1,350,-2,2026-03-22 18:02:00
2045,2,350,-2,2026-03-22 18:02:00
2046,7,350,-2,2026-03-22 18:02:00
2047,8,350,-4,2026-03-22 18:02:00
2048,6,350,-2,2026-03-22 18:02:00
2049,1,350,-2,2026-03-22 18:02:00
2050,2,350,-2,2026-03-22 18:02:00
2051,7,350,-2,2026-03-22 18:02:00
2052,8,350,-4,2026-03-22 18:02:00
2053,6,350,-2,2026-03-22 18:02:00
2054,1,349,-2,2026-03-22 13:10:00
2055,2,349,-2,2026-03-22 13:10:00
2056,3,349,-2,2026-03-22 13:10:00
2057,5,349,-4,2026-03-22 13:10:00
2058,6,349,-4,2026-03-22 13:10:00
2059,1,349,-1,2026-03-22 13:10:00
2060,2,349,-1,2026-03-22 13:10:00
2061,3,349,-1,2026-03-22 13:10:00
2062,1,349,-1,2026-03-22 13:10:00
2063,2,349,-1,2026-03-22 13:10:00
2064,1,349,-1,2026-03-22 14:33:00
2065,2,349,-1,2026-03-22 14:33:00
2066,3,349,-1,2026-03-22 14:33:00
2067,5,349,-2,2026-03-22 14:33:00
2068,6,349,-2,2026-03-22 14:33:00
2069,1,348,-1,2026-03-22 11:49:00
2070,2,348,-1,2026-03-22 11:49:00
2071,1,350,-1,2026-03-22 18:56:00
2072,2,350,-1,2026-03-22 18:56:00
2073,3,350,-1,2026-03-22 18:56:00
2074,4,350,-2,2026-03-22 18:56:00
2075,1,350,-1,2026-03-22 18:56:00
2076,2,350,-1,2026-03-22 18:56:00
2077,1,348,-2,2026-03-22 09:15:00
2078,2,348,-2,2026-03-22 09:15:00
2079,3,348,-2,2026-03-22 09:15:00
2080,5,348,-4,2026-03-22 09:15:00
2081,6,348,-4,2026-03-22 09:15:00
2082,1,348,-2,2026-03-22 09:15:00
2083,2,348,-2,2026-03-22 09:15:00
2084,1,349,-2,2026-03-22 12:47:00
2085,2,349,-2,2026-03-22 12:47:00
2086,1,349,-2,2026-03-22 12:47:00
2087,2,349,-2,2026-03-22 12:47:00
2088,3,349,-2,2026-03-22 12:47:00
2089,1,349,-2,2026-03-22 12:47:00
2090,2,349,-2,2026-03-22 12:47:00
2091,7,349,-2,2026-03-22 12:47:00
2092,8,349,-4,2026-03-22 12:47:00
2093,6,349,-2,2026-03-22 12:47:00
2094,1,362,200,2026-03-23 08:00:00
2095,2,362,200,2026-03-23 08:00:00
2096,3,362,200,2026-03-23 08:00:00
2097,4,362,200,2026-03-23 08:00:00
2098,5,362,200,2026-03-23 08:00:00
2099,6,362,200,2026-03-23 08:00:00
2100,7,362,200,2026-03-23 08:00:00
2101,8,362,200,2026-03-23 08:00:00
2102,1,364,-1,2026-03-23 20:16:00
2103,2,364,-1,2026-03-23 20:16:00
2104,7,364,-1,2026-03-23 20:16:00
2105,8,364,-2,2026-03-23 20:16:00
2106,6,364,-1,2026-03-23 20:16:00
2107,1,364,-2,2026-03-23 20:03:00
2108,2,364,-2,2026-03-23 20:03:00
2109,3,364,-2,2026-03-23 20:03:00
2110,5,364,-4,2026-03-23 20:03:00
2111,6,364,-4,2026-03-23 20:03:00
2112,1,364,-1,2026-03-23 20:03:00
2113,2,364,-1,2026-03-23 20:03:00
2114,1,364,-2,2026-03-23 20:03:00
2115,2,364,-2,2026-03-23 20:03:00
2116,3,364,-2,2026-03-23 20:03:00
2117,5,364,-4,2026-03-23 20:03:00
2118,6,364,-4,2026-03-23 20:03:00
2119,1,364,-2,2026-03-23 19:59:00
2120,2,364,-2,2026-03-23 19:59:00
2121,3,364,-2,2026-03-23 19:59:00
2122,1,364,-2,2026-03-23 19:59:00
2123,2,364,-2,2026-03-23 19:59:00
2124,3,364,-2,2026-03-23 19:59:00
2125,5,364,-4,2026-03-23 19:59:00
2126,6,364,-4,2026-03-23 19:59:00
2127,1,362,-2,2026-03-23 09:44:00
2128,2,362,-2,2026-03-23 09:44:00
2129,1,364,-2,2026-03-23 19:23:00
2130,2,364,-2,2026-03-23 19:23:00
2131,3,364,-2,2026-03-23 19:23:00
2132,5,364,-4,2026-03-23 19:23:00
2133,6,364,-4,2026-03-23 19:23:00
2134,1,364,-2,2026-03-23 19:23:00
2135,2,364,-2,2026-03-23 19:23:00
2136,3,364,-2,2026-03-23 19:23:00
2137,4,364,-4,2026-03-23 19:23:00
2138,1,364,-2,2026-03-23 18:04:00
2139,2,364,-2,2026-03-23 18:04:00
2140,3,364,-2,2026-03-23 18:04:00
2141,5,364,-4,2026-03-23 18:04:00
2142,6,364,-4,2026-03-23 18:04:00
2143,1,364,-1,2026-03-23 18:04:00
2144,2,364,-1,2026-03-23 18:04:00
2145,3,364,-1,2026-03-23 18:04:00
2146,5,364,-2,2026-03-23 18:04:00
2147,6,364,-2,2026-03-23 18:04:00
2148,1,364,-2,2026-03-23 18:04:00
2149,2,364,-2,2026-03-23 18:04:00
2150,3,364,-2,2026-03-23 18:04:00
2151,5,364,-4,2026-03-23 18:04:00
2152,6,364,-4,2026-03-23 18:04:00
2153,1,363,-1,2026-03-23 12:51:00
2154,2,363,-1,2026-03-23 12:51:00
2155,3,363,-1,2026-03-23 12:51:00
2156,1,363,-2,2026-03-23 16:02:00
2157,2,363,-2,2026-03-23 16:02:00
2158,3,363,-2,2026-03-23 16:02:00
2159,5,363,-4,2026-03-23 16:02:00
2160,6,363,-4,2026-03-23 16:02:00
2161,1,363,-1,2026-03-23 16:02:00
2162,2,363,-1,2026-03-23 16:02:00
2163,3,363,-1,2026-03-23 16:02:00
2164,4,363,-2,2026-03-23 16:02:00
2165,1,364,-1,2026-03-23 18:00:00
2166,2,364,-1,2026-03-23 18:00:00
2167,3,364,-1,2026-03-23 18:00:00
2168,1,364,-1,2026-03-23 19:29:00
2169,2,364,-1,2026-03-23 19:29:00
2170,1,364,-2,2026-03-23 19:29:00
2171,2,364,-2,2026-03-23 19:29:00
2172,3,364,-2,2026-03-23 19:29:00
2173,1,364,-2,2026-03-23 19:29:00
2174,2,364,-2,2026-03-23 19:29:00
2175,3,364,-2,2026-03-23 19:29:00
2176,4,364,-4,2026-03-23 19:29:00
2177,1,376,200,2026-03-24 08:00:00
2178,2,376,200,2026-03-24 08:00:00
2179,3,376,200,2026-03-24 08:00:00
2180,4,376,200,2026-03-24 08:00:00
2181,5,376,200,2026-03-24 08:00:00
2182,6,376,200,2026-03-24 08:00:00
2183,7,376,200,2026-03-24 08:00:00
2184,8,376,200,2026-03-24 08:00:00
2185,1,376,-1,2026-03-24 09:53:00
2186,2,376,-1,2026-03-24 09:53:00
2187,3,376,-1,2026-03-24 09:53:00
2188,4,376,-2,2026-03-24 09:53:00
2189,1,376,-1,2026-03-24 09:53:00
2190,2,376,-1,2026-03-24 09:53:00
2191,1,376,-2,2026-03-24 09:53:00
2192,2,376,-2,2026-03-24 09:53:00
2193,1,378,-2,2026-03-24 18:39:00
2194,2,378,-2,2026-03-24 18:39:00
2195,3,378,-2,2026-03-24 18:39:00
2196,1,376,-1,2026-03-24 11:04:00
2197,2,376,-1,2026-03-24 11:04:00
2198,1,376,-1,2026-03-24 11:04:00
2199,2,376,-1,2026-03-24 11:04:00
2200,7,376,-1,2026-03-24 11:04:00
2201,8,376,-2,2026-03-24 11:04:00
2202,6,376,-1,2026-03-24 11:04:00
2203,1,377,-2,2026-03-24 14:42:00
2204,2,377,-2,2026-03-24 14:42:00
2205,7,377,-2,2026-03-24 14:42:00
2206,8,377,-4,2026-03-24 14:42:00
2207,6,377,-2,2026-03-24 14:42:00
2208,1,377,-2,2026-03-24 14:42:00
2209,2,377,-2,2026-03-24 14:42:00
2210,3,377,-2,2026-03-24 14:42:00
2211,1,376,-2,2026-03-24 08:15:00
2212,2,376,-2,2026-03-24 08:15:00
2213,3,376,-2,2026-03-24 08:15:00
2214,4,376,-4,2026-03-24 08:15:00
2215,1,377,-1,2026-03-24 14:05:00
2216,2,377,-1,2026-03-24 14:05:00
2217,7,377,-1,2026-03-24 14:05:00
2218,8,377,-2,2026-03-24 14:05:00
2219,6,377,-1,2026-03-24 14:05:00
2220,1,376,-2,2026-03-24 09:25:00
2221,2,376,-2,2026-03-24 09:25:00
2222,3,376,-2,2026-03-24 09:25:00
2223,1,376,-2,2026-03-24 09:25:00
2224,2,376,-2,2026-03-24 09:25:00
2225,3,376,-2,2026-03-24 09:25:00
2226,4,376,-4,2026-03-24 09:25:00
2227,1,376,-1,2026-03-24 09:25:00
2228,2,376,-1,2026-03-24 09:25:00
2229,3,376,-1,2026-03-24 09:25:00
2230,5,376,-2,2026-03-24 09:25:00
2231,6,376,-2,2026-03-24 09:25:00
2232,1,378,-2,2026-03-24 20:43:00
2233,2,378,-2,2026-03-24 20:43:00
2234,7,378,-2,2026-03-24 20:43:00
2235,8,378,-4,2026-03-24 20:43:00
2236,6,378,-2,2026-03-24 20:43:00
2237,1,378,-1,2026-03-24 20:43:00
2238,2,378,-1,2026-03-24 20:43:00
2239,7,378,-1,2026-03-24 20:43:00
2240,8,378,-2,2026-03-24 20:43:00
2241,6,378,-1,2026-03-24 20:43:00
2242,1,376,-2,2026-03-24 12:06:00
2243,2,376,-2,2026-03-24 12:06:00
2244,3,376,-2,2026-03-24 12:06:00
2245,5,376,-4,2026-03-24 12:06:00
2246,6,376,-4,2026-03-24 12:06:00
2247,1,376,-1,2026-03-24 12:06:00
2248,2,376,-1,2026-03-24 12:06:00
2249,3,376,-1,2026-03-24 12:06:00
2250,1,376,-1,2026-03-24 12:06:00
2251,2,376,-1,2026-03-24 12:06:00
2252,3,376,-1,2026-03-24 12:06:00
2253,5,376,-2,2026-03-24 12:06:00
2254,6,376,-2,2026-03-24 12:06:00
2255,1,376,-1,2026-03-24 10:11:00
2256,2,376,-1,2026-03-24 10:11:00
2257,1,376,-2,2026-03-24 10:11:00
2258,2,376,-2,2026-03-24 10:11:00
2259,7,376,-2,2026-03-24 10:11:00
2260,8,376,-4,2026-03-24 10:11:00
2261,6,376,-2,2026-03-24 10:11:00
2262,1,376,-2,2026-03-24 10:11:00
2263,2,376,-2,2026-03-24 10:11:00
2264,1,390,200,2026-03-25 08:00:00
2265,2,390,200,2026-03-25 08:00:00
2266,3,390,200,2026-03-25 08:00:00
2267,4,390,200,2026-03-25 08:00:00
2268,5,390,200,2026-03-25 08:00:00
2269,6,390,200,2026-03-25 08:00:00
2270,7,390,200,2026-03-25 08:00:00
2271,8,390,200,2026-03-25 08:00:00
2272,1,390,-2,2026-03-25 11:36:00
2273,2,390,-2,2026-03-25 11:36:00
2274,1,390,-1,2026-03-25 11:36:00
2275,2,390,-1,2026-03-25 11:36:00
2276,3,390,-1,2026-03-25 11:36:00
2277,5,390,-2,2026-03-25 11:36:00
2278,6,390,-2,2026-03-25 11:36:00
2279,1,390,-1,2026-03-25 11:36:00
2280,2,390,-1,2026-03-25 11:36:00
2281,3,390,-1,2026-03-25 11:36:00
2282,1,391,-1,2026-03-25 14:39:00
2283,2,391,-1,2026-03-25 14:39:00
2284,1,390,-1,2026-03-25 11:12:00
2285,2,390,-1,2026-03-25 11:12:00
2286,3,390,-1,2026-03-25 11:12:00
2287,1,390,-1,2026-03-25 11:12:00
2288,2,390,-1,2026-03-25 11:12:00
2289,7,390,-1,2026-03-25 11:12:00
2290,8,390,-2,2026-03-25 11:12:00
2291,6,390,-1,2026-03-25 11:12:00
2292,1,390,-1,2026-03-25 10:39:00
2293,2,390,-1,2026-03-25 10:39:00
2294,3,390,-1,2026-03-25 10:39:00
2295,5,390,-2,2026-03-25 10:39:00
2296,6,390,-2,2026-03-25 10:39:00
2297,1,390,-1,2026-03-25 10:39:00
2298,2,390,-1,2026-03-25 10:39:00
2299,3,390,-1,2026-03-25 10:39:00
2300,1,390,-1,2026-03-25 08:58:00
2301,2,390,-1,2026-03-25 08:58:00
2302,3,390,-1,2026-03-25 08:58:00
2303,4,390,-2,2026-03-25 08:58:00
2304,1,390,-2,2026-03-25 08:58:00
2305,2,390,-2,2026-03-25 08:58:00
2306,3,390,-2,2026-03-25 08:58:00
2307,5,390,-4,2026-03-25 08:58:00
2308,6,390,-4,2026-03-25 08:58:00
2309,1,390,-1,2026-03-25 08:58:00
2310,2,390,-1,2026-03-25 08:58:00
2311,3,390,-1,2026-03-25 08:58:00
2312,5,390,-2,2026-03-25 08:58:00
2313,6,390,-2,2026-03-25 08:58:00
2314,1,391,-1,2026-03-25 16:18:00
2315,2,391,-1,2026-03-25 16:18:00
2316,3,391,-1,2026-03-25 16:18:00
2317,1,391,-1,2026-03-25 16:18:00
2318,2,391,-1,2026-03-25 16:18:00
2319,3,391,-1,2026-03-25 16:18:00
2320,5,391,-2,2026-03-25 16:18:00
2321,6,391,-2,2026-03-25 16:18:00
2322,1,392,-1,2026-03-25 19:17:00
2323,2,392,-1,2026-03-25 19:17:00
2324,7,392,-1,2026-03-25 19:17:00
2325,8,392,-2,2026-03-25 19:17:00
2326,6,392,-1,2026-03-25 19:17:00
2327,1,392,-1,2026-03-25 19:17:00
2328,2,392,-1,2026-03-25 19:17:00
2329,3,392,-1,2026-03-25 19:17:00
2330,1,392,-2,2026-03-25 19:17:00
2331,2,392,-2,2026-03-25 19:17:00
2332,7,392,-2,2026-03-25 19:17:00
2333,8,392,-4,2026-03-25 19:17:00
2334,6,392,-2,2026-03-25 19:17:00
2335,1,391,-2,2026-03-25 15:44:00
2336,2,391,-2,2026-03-25 15:44:00
2337,3,391,-2,2026-03-25 15:44:00
2338,4,391,-4,2026-03-25 15:44:00
2339,1,391,-1,2026-03-25 15:44:00
2340,2,391,-1,2026-03-25 15:44:00
2341,3,391,-1,2026-03-25 15:44:00
2342,4,391,-2,2026-03-25 15:44:00
2343,1,390,-2,2026-03-25 09:24:00
2344,2,390,-2,2026-03-25 09:24:00
2345,3,390,-2,2026-03-25 09:24:00
2346,5,390,-4,2026-03-25 09:24:00
2347,6,390,-4,2026-03-25 09:24:00
2348,1,390,-1,2026-03-25 09:24:00
2349,2,390,-1,2026-03-25 09:24:00
2350,3,390,-1,2026-03-25 09:24:00
2351,5,390,-2,2026-03-25 09:24:00
2352,6,390,-2,2026-03-25 09:24:00
2353,1,390,-1,2026-03-25 08:09:00
2354,2,390,-1,2026-03-25 08:09:00
2355,1,404,200,2026-03-26 08:00:00
2356,2,404,200,2026-03-26 08:00:00
2357,3,404,200,2026-03-26 08:00:00
2358,4,404,200,2026-03-26 08:00:00
2359,5,404,200,2026-03-26 08:00:00
2360,6,404,200,2026-03-26 08:00:00
2361,7,404,200,2026-03-26 08:00:00
2362,8,404,200,2026-03-26 08:00:00
2363,1,404,-2,2026-03-26 10:21:00
2364,2,404,-2,2026-03-26 10:21:00
2365,3,404,-2,2026-03-26 10:21:00
2366,1,404,-2,2026-03-26 10:21:00
2367,2,404,-2,2026-03-26 10:21:00
2368,1,404,-2,2026-03-26 08:43:00
2369,2,404,-2,2026-03-26 08:43:00
2370,1,404,-2,2026-03-26 08:43:00
2371,2,404,-2,2026-03-26 08:43:00
2372,3,404,-2,2026-03-26 08:43:00
2373,4,404,-4,2026-03-26 08:43:00
2374,1,404,-1,2026-03-26 08:43:00
2375,2,404,-1,2026-03-26 08:43:00
2376,3,404,-1,2026-03-26 08:43:00
2377,4,404,-2,2026-03-26 08:43:00
2378,1,406,-1,2026-03-26 19:41:00
2379,2,406,-1,2026-03-26 19:41:00
2380,1,406,-2,2026-03-26 19:41:00
2381,2,406,-2,2026-03-26 19:41:00
2382,3,406,-2,2026-03-26 19:41:00
2383,4,406,-4,2026-03-26 19:41:00
2384,1,406,-2,2026-03-26 19:41:00
2385,2,406,-2,2026-03-26 19:41:00
2386,7,406,-2,2026-03-26 19:41:00
2387,8,406,-4,2026-03-26 19:41:00
2388,6,406,-2,2026-03-26 19:41:00
2389,1,404,-1,2026-03-26 09:22:00
2390,2,404,-1,2026-03-26 09:22:00
2391,3,404,-1,2026-03-26 09:22:00
2392,4,404,-2,2026-03-26 09:22:00
2393,1,404,-1,2026-03-26 09:22:00
2394,2,404,-1,2026-03-26 09:22:00
2395,7,404,-1,2026-03-26 09:22:00
2396,8,404,-2,2026-03-26 09:22:00
2397,6,404,-1,2026-03-26 09:22:00
2398,1,404,-2,2026-03-26 10:35:00
2399,2,404,-2,2026-03-26 10:35:00
2400,7,404,-2,2026-03-26 10:35:00
2401,8,404,-4,2026-03-26 10:35:00
2402,6,404,-2,2026-03-26 10:35:00
2403,1,404,-1,2026-03-26 10:35:00
2404,2,404,-1,2026-03-26 10:35:00
2405,3,404,-1,2026-03-26 10:35:00
2406,4,404,-2,2026-03-26 10:35:00
2407,1,404,-2,2026-03-26 10:35:00
2408,2,404,-2,2026-03-26 10:35:00
2409,7,404,-2,2026-03-26 10:35:00
2410,8,404,-4,2026-03-26 10:35:00
2411,6,404,-2,2026-03-26 10:35:00
2412,1,405,-1,2026-03-26 13:51:00
2413,2,405,-1,2026-03-26 13:51:00
2414,3,405,-1,2026-03-26 13:51:00
2415,5,405,-2,2026-03-26 13:51:00
2416,6,405,-2,2026-03-26 13:51:00
2417,1,405,-2,2026-03-26 13:51:00
2418,2,405,-2,2026-03-26 13:51:00
2419,3,405,-2,2026-03-26 13:51:00
2420,4,405,-4,2026-03-26 13:51:00
2421,1,404,-2,2026-03-26 09:46:00
2422,2,404,-2,2026-03-26 09:46:00
2423,7,404,-2,2026-03-26 09:46:00
2424,8,404,-4,2026-03-26 09:46:00
2425,6,404,-2,2026-03-26 09:46:00
2426,1,404,-1,2026-03-26 09:46:00
2427,2,404,-1,2026-03-26 09:46:00
2428,3,404,-1,2026-03-26 09:46:00
2429,5,404,-2,2026-03-26 09:46:00
2430,6,404,-2,2026-03-26 09:46:00
2431,1,404,-2,2026-03-26 09:46:00
2432,2,404,-2,2026-03-26 09:46:00
2433,3,404,-2,2026-03-26 09:46:00
2434,5,404,-4,2026-03-26 09:46:00
2435,6,404,-4,2026-03-26 09:46:00
2436,1,404,-1,2026-03-26 11:58:00
2437,2,404,-1,2026-03-26 11:58:00
2438,1,404,-1,2026-03-26 11:58:00
2439,2,404,-1,2026-03-26 11:58:00
2440,7,404,-1,2026-03-26 11:58:00
2441,8,404,-2,2026-03-26 11:58:00
2442,6,404,-1,2026-03-26 11:58:00
2443,1,404,-2,2026-03-26 11:56:00
2444,2,404,-2,2026-03-26 11:56:00
2445,7,404,-2,2026-03-26 11:56:00
2446,8,404,-4,2026-03-26 11:56:00
2447,6,404,-2,2026-03-26 11:56:00
2448,1,405,-1,2026-03-26 13:02:00
2449,2,405,-1,2026-03-26 13:02:00
2450,7,405,-1,2026-03-26 13:02:00
2451,8,405,-2,2026-03-26 13:02:00
2452,6,405,-1,2026-03-26 13:02:00
2453,1,405,-1,2026-03-26 13:02:00
2454,2,405,-1,2026-03-26 13:02:00
2455,1,418,200,2026-03-27 08:00:00
2456,2,418,200,2026-03-27 08:00:00
2457,3,418,200,2026-03-27 08:00:00
2458,4,418,200,2026-03-27 08:00:00
2459,5,418,200,2026-03-27 08:00:00
2460,6,418,200,2026-03-27 08:00:00
2461,7,418,200,2026-03-27 08:00:00
2462,8,418,200,2026-03-27 08:00:00
2463,1,418,-1,2026-03-27 09:38:00
2464,2,418,-1,2026-03-27 09:38:00
2465,7,418,-1,2026-03-27 09:38:00
2466,8,418,-2,2026-03-27 09:38:00
2467,6,418,-1,2026-03-27 09:38:00
2468,1,419,-1,2026-03-27 15:24:00
2469,2,419,-1,2026-03-27 15:24:00
2470,7,419,-1,2026-03-27 15:24:00
2471,8,419,-2,2026-03-27 15:24:00
2472,6,419,-1,2026-03-27 15:24:00
2473,1,419,-2,2026-03-27 15:58:00
2474,2,419,-2,2026-03-27 15:58:00
2475,7,419,-2,2026-03-27 15:58:00
2476,8,419,-4,2026-03-27 15:58:00
2477,6,419,-2,2026-03-27 15:58:00
2478,1,419,-1,2026-03-27 15:58:00
2479,2,419,-1,2026-03-27 15:58:00
2480,3,419,-1,2026-03-27 15:58:00
2481,4,419,-2,2026-03-27 15:58:00
2482,1,419,-2,2026-03-27 15:58:00
2483,2,419,-2,2026-03-27 15:58:00
2484,1,419,-1,2026-03-27 12:40:00
2485,2,419,-1,2026-03-27 12:40:00
2486,1,419,-1,2026-03-27 12:40:00
2487,2,419,-1,2026-03-27 12:40:00
2488,3,419,-1,2026-03-27 12:40:00
2489,1,418,-1,2026-03-27 09:38:00
2490,2,418,-1,2026-03-27 09:38:00
2491,1,418,-2,2026-03-27 09:38:00
2492,2,418,-2,2026-03-27 09:38:00
2493,1,418,-1,2026-03-27 09:38:00
2494,2,418,-1,2026-03-27 09:38:00
2495,3,418,-1,2026-03-27 09:38:00
2496,5,418,-2,2026-03-27 09:38:00
2497,6,418,-2,2026-03-27 09:38:00
2498,1,418,-1,2026-03-27 08:47:00
2499,2,418,-1,2026-03-27 08:47:00
2500,3,418,-1,2026-03-27 08:47:00
2501,5,418,-2,2026-03-27 08:47:00
2502,6,418,-2,2026-03-27 08:47:00
2503,1,418,-1,2026-03-27 08:02:00
2504,2,418,-1,2026-03-27 08:02:00
2505,3,418,-1,2026-03-27 08:02:00
2506,5,418,-2,2026-03-27 08:02:00
2507,6,418,-2,2026-03-27 08:02:00
2508,1,418,-1,2026-03-27 08:02:00
2509,2,418,-1,2026-03-27 08:02:00
2510,7,418,-1,2026-03-27 08:02:00
2511,8,418,-2,2026-03-27 08:02:00
2512,6,418,-1,2026-03-27 08:02:00
2513,1,419,-1,2026-03-27 16:36:00
2514,2,419,-1,2026-03-27 16:36:00
2515,7,419,-1,2026-03-27 16:36:00
2516,8,419,-2,2026-03-27 16:36:00
2517,6,419,-1,2026-03-27 16:36:00
2518,1,420,-2,2026-03-27 20:52:00
2519,2,420,-2,2026-03-27 20:52:00
2520,3,420,-2,2026-03-27 20:52:00
2521,5,420,-4,2026-03-27 20:52:00
2522,6,420,-4,2026-03-27 20:52:00
2523,1,420,-1,2026-03-27 20:52:00
2524,2,420,-1,2026-03-27 20:52:00
2525,3,420,-1,2026-03-27 20:52:00
2526,1,420,-1,2026-03-27 20:52:00
2527,2,420,-1,2026-03-27 20:52:00
2528,1,420,-1,2026-03-27 17:13:00
2529,2,420,-1,2026-03-27 17:13:00
2530,3,420,-1,2026-03-27 17:13:00
2531,1,420,-2,2026-03-27 17:13:00
2532,2,420,-2,2026-03-27 17:13:00
2533,3,420,-2,2026-03-27 17:13:00
2534,4,420,-4,2026-03-27 17:13:00
2535,1,420,-2,2026-03-27 17:13:00
2536,2,420,-2,2026-03-27 17:13:00
2537,3,420,-2,2026-03-27 17:13:00
2538,5,420,-4,2026-03-27 17:13:00
2539,6,420,-4,2026-03-27 17:13:00
